name,alias,unreleased_playlists_count,followers,popularity,genres,id,spotify_url,images,unreleased_playlists_ids
Taylor Swift,,15,122488748,100,['pop'],06HL4z0CvFAxyc27GXpf02,https://open.spotify.com/artist/06HL4z0CvFAxyc27GXpf02,"['https://i.scdn.co/image/ab6761610000e5ebe672b5f553298dcdccb0e676', 'https://i.scdn.co/image/ab67616100005174e672b5f553298dcdccb0e676', 'https://i.scdn.co/image/ab6761610000f178e672b5f553298dcdccb0e676']","['34H02NFbBonA9bROadRvnL', '7jAFnWuoH3r4UPicmlA7pC', '0DDTyQzaFKHjDWPJO7igre', '6qkjC9I08TRQO3PYGdG9JK', '1V36SqEXLNpMwudK9ZsW4e', '3Qo7OF9ZQNaGNyGtW3hNSm', '3dVpJfNZTjsStGKA3UMPXb', '4NLPFT2wj9r25AWeJGU1w9', '1mQjF6Ckuu3F7wzNsMeL5F', '131qa9x1mPYX0SF5AQjjVa', '7orPPsuTWLqKv2cX27mV8X', '7BvMT17JK5ecAlAPImt4js', '760XvSecGcHOTtFyfgfJ1A', '5K8m1dkKW4d3S6j8okvuOh', '4mn5AXwZ6Dn7bcN0Dv0Rif']"
Ed Sheeran,,1,116199004,88,"['pop', 'singer-songwriter pop', 'uk pop']",6eUKZXaKkcviH0Ku9w2n3V,https://open.spotify.com/artist/6eUKZXaKkcviH0Ku9w2n3V,"['https://i.scdn.co/image/ab6761610000e5eb784daff754ecfe0464ddbeb9', 'https://i.scdn.co/image/ab67616100005174784daff754ecfe0464ddbeb9', 'https://i.scdn.co/image/ab6761610000f178784daff754ecfe0464ddbeb9']",['07Tj0GjsS8wQnbHWayvG3r']
Ariana Grande,,17,100058938,92,['pop'],66CXWjxzNUsdJxJ2JdwvnR,https://open.spotify.com/artist/66CXWjxzNUsdJxJ2JdwvnR,"['https://i.scdn.co/image/ab6761610000e5eb40b5c07ab77b6b1a9075fdc0', 'https://i.scdn.co/image/ab6761610000517440b5c07ab77b6b1a9075fdc0', 'https://i.scdn.co/image/ab6761610000f17840b5c07ab77b6b1a9075fdc0']","['0S1wEYmRHbGSALT8Vm4A3k', '6XoN39T5Hy1X7XIoL1AgQO', '4N3ZiuQyGEWZ90GrnPhgKO', '6Gj93slhbcvj5wJRm3ysya', '68ALl4XNgjTni5VmdWoVra', '4eJ5YRYpSIRW9DYnl8aynZ', '2G05udDj9FZZY5N8PuazyC', '0YUTqKwW05cyjd9I8XWAZN', '2sIRGk6G0a06z1vwsz2oal', '3zbOIuvfgxs9dfFjlCN0d4', '6WtBUWyrrkip8GzPP8gyhX', '2xPjx5cMcRSTjUsanrHEBj', '10A4hknwKp8ecFoPRcIHzH', '7kuJc7TYWt5KziKq96k0YR', '1ckR0OKpOgqViFEtniZU8X', '0ULPscQbBgJwek8MW82uEM', '0wLDDg8K75jS7oGWAWzSr5']"
Billie Eilish,,28,100024882,95,"['art pop', 'pop']",6qqNVTkY8uBg9cP3Jd7DAH,https://open.spotify.com/artist/6qqNVTkY8uBg9cP3Jd7DAH,"['https://i.scdn.co/image/ab6761610000e5eb4a21b4760d2ecb7b0dcdc8da', 'https://i.scdn.co/image/ab676161000051744a21b4760d2ecb7b0dcdc8da', 'https://i.scdn.co/image/ab6761610000f1784a21b4760d2ecb7b0dcdc8da']","['5WWyHKydROnA963N8UJ7MF', '6j21CHjxBAR0T6Kgf8eNQW', '3yuLHwkTLLWTa3H6KqO82z', '2B6MhbRkdYC69bG7xHIPVe', '1hn8mDGPjPRMu95Ru8v5D3', '6N8CjQN7ZaxmFrQFIacSoV', '5chTafcZq88SsZEDd1T2tI', '5AUYppRqRfgnzDjVP7k6kz', '7Lwz5jMGeEB6TjCW6XaVt7', '5V2XZZEbhFBjDFlQPT72KU', '24m9aWeXWDwyvSBgCxPyUf', '7yoSRZdCd5YjsokJ7BvGrp', '6NugC5hUpwwM369pMb6YNk', '4H33Tf3ZgAq5TRiWVKO91V', '7tTWMdcGxqKWt4b8Qaamkz', '09X0Baz4p2FnxV746sGwHj', '0g0r1iIzASTXq4wOT2k1mC', '432Z5vXo6YFERa8dH9DACr', '5oquCpuurBBF78x4GFI16i', '2Goo5OogVbj7w3Vx8Rtmn5', '6mtzou256T1va0b4uHhFIJ', '6mmhjSsrdIllE3QIGZY2kx', '2bmciz2adGaJhlgaB4OjzK', '23oxp4EaOsIU9SlUiHvZrO', '002IjoLVa1s5bpv3S7wq2g', '2nuM2pVNtpsB0UOdb3LqTZ', '0mApFAmB1xDWEhtkfhYQZV', '0J1rcv00ixL9OyHeUZbnjH']"
Drake,,13,92197503,96,"['canadian hip hop', 'canadian pop', 'hip hop', 'pop rap', 'rap']",3TVXtAsR1Inumwj472S9r4,https://open.spotify.com/artist/3TVXtAsR1Inumwj472S9r4,"['https://i.scdn.co/image/ab6761610000e5eb4293385d324db8558179afd9', 'https://i.scdn.co/image/ab676161000051744293385d324db8558179afd9', 'https://i.scdn.co/image/ab6761610000f1784293385d324db8558179afd9']","['1WqHGVvRxO0oLRS2NJj6ts', '6qrEiwOKRnQyLyRBhLm7Re', '5JDaNVxxbWWDaj428WwD81', '5DFNY89IMOvYcfgSZpLJzH', '4B0bwW18nu2Da7ZP7CiGN2', '61ByjtiLBKRnwK03mbMjrh', '63jhJNq90Vv6LZn0cSoF1y', '7rvfNu4vPn1TNSPghzAmj1', '4wku3vfaZEV4Un9zeDj6uC', '4AJfyGJvhqDKRbOfGuGZ6d', '10JPn99ojOrxFCfRwkBofI', '7o0xg3cy9YFnPxk5mx5qch', '15sfxjDO9Lx6NnSPHCzpdq']"
The Weeknd,,51,91772766,96,"['canadian contemporary r&b', 'canadian pop', 'pop']",1Xyo4u8uXC1ZmMpatF05PJ,https://open.spotify.com/artist/1Xyo4u8uXC1ZmMpatF05PJ,"['https://i.scdn.co/image/ab6761610000e5eb9e528993a2820267b97f6aae', 'https://i.scdn.co/image/ab676161000051749e528993a2820267b97f6aae', 'https://i.scdn.co/image/ab6761610000f1789e528993a2820267b97f6aae']","['6Yw6beH6kQ1FOxemqoIhQs', '40jeKsfJM7UkiN2RTlFoEG', '5BiXMCNifPsWIVD4HqLPWO', '1J35N2SAT7P3PEYDa5wXzs', '0cAhEJsql8GuaV7l82fLfR', '0O1sdlXSdQo2p2U8UXhOnz', '1floUzeLfXcHnqyyysQpGW', '7IgP7ZW1UOe4irthHugGIB', '6Wy8K1e0h2SZPQvRk3XIs5', '6ISPMdArrwrc6lkJx2Uzzz', '0yJ8F96QEAR65VDE2L5wR9', '2pZ2QqdwTYlVvPHz0HbTiN', '4Lna1sKj0dWfYay1LkRo5e', '78oYHUITojVOaGgGGExQLf', '7KiNpUgbzLwW2SzbF4DhbV', '39qO8gerEDif6mIj6IjfSk', '1tEGhD9Q98EInp1DDo0j5n', '0qkBNqnN7L8xWHMwkDLyxr', '4XiJhbWmOIWfvLMaNVmkDd', '0qU4jSnVtES7IptywOnyGW', '1PvbqeeXa46tiv2up5e4XA', '3Ibab3bd0ZLuk72To948jw', '1QgxOIHShV9LuxRgmpU80e', '1BjeIxmXqI92YkottRqsEo', '7n6IUzvhvs8UBH99PRlhyl', '5zRsp1HgKOgFXmACdc4m0I', '40vmNmHFiVIMme8SPojJY2', '4Ina0V9PcZZLTLpZl0SZGE', '0kwPN8WpqK1b3gP7PN8ZQD', '1RFmYLBb1HlnTvsX6VFMdC', '5omg1JVGXm3WyMELEn3m7i', '5Z5bfMXGc3quY7dBJbxFSL', '15GXpPmJjoB8e0qgtio5Qs', '78NLcJvZxOOcxzjRA3ej9e', '7pS7BdM4fo44nAH2HkQFpF', '1RbG2dauY27QHkLOBaZfCr', '79ZK1t8iBKpUy0k4CGujSG', '2KO4LEtdustBPr9tlB2Cm3', '2SvbabZdrA4LyefhFGJVAy', '2INSGIEar3Oew0gN2AdtdA', '2w8B7nO9m7LTvZpeuH7HGM', '7epsxjCNLRCVKEaqpVKvru', '4eNRaDkUfyipSDuTIJYu1Q', '7zsNaY7YLEKRSwMAgZLDfE', '4pVOkLqoCz3ejBTEesBrI4', '1VxVVrqDPla10N6wwyq86G', '4l3TsudyKfeajqsUX1kV0X', '7D0B3DRThdSj1HOtfK6ac5', '7JCcLMsMoXUOKEpSrQMguW', '6MzFlVUgGd5oNexyuq3aZp', '2fKa8ry8gfWKYtbPH37A8K']"
Eminem,,16,90695854,93,"['detroit hip hop', 'hip hop', 'rap']",7dGJo4pcD2V6oG8kP0tJRR,https://open.spotify.com/artist/7dGJo4pcD2V6oG8kP0tJRR,"['https://i.scdn.co/image/ab6761610000e5eba00b11c129b27a88fc72f36b', 'https://i.scdn.co/image/ab67616100005174a00b11c129b27a88fc72f36b', 'https://i.scdn.co/image/ab6761610000f178a00b11c129b27a88fc72f36b']","['5zGgSzMNiImygUQZCJYOGF', '4D6lxrxi8JnA3EhiwGMXPw', '2oo4xE2xkRH7z7ox7slB2n', '7yTy7EeGZBD4MmQDS1yX2T', '2AGoou1QbOfVc5mo4Ohk5s', '76dMpfCC1tnNFcSn9J51Eb', '0xcormOJC8ClRjXtzUBEO3', '7gSkTQoNw5InuEiAKHVGnC', '153bJzWXmjZ6VJPBZhWpx4', '28Oj4NOe9QYXut5zcd1Pp4', '6Eah3mfPrmOolxbC5ZxLpk', '0RZVHsCLvImAuKfRdL6iVU', '4IIvNjPkpC6SpVYqRRRDvb', '1LJWRoJ0zReOUaD8D3PIHG', '79zNyJaCc0Vvu54txbJtGg', '0aS466PuR7ioaenf8VRQJs']"
Justin Bieber,,5,77561126,90,"['canadian pop', 'pop']",1uNFoZAHBGtllmzznpCI3s,https://open.spotify.com/artist/1uNFoZAHBGtllmzznpCI3s,"['https://i.scdn.co/image/ab6761610000e5eb8ae7f2aaa9817a704a87ea36', 'https://i.scdn.co/image/ab676161000051748ae7f2aaa9817a704a87ea36', 'https://i.scdn.co/image/ab6761610000f1788ae7f2aaa9817a704a87ea36']","['4H33Tf3ZgAq5TRiWVKO91V', '3VQDkzdIMogZ8COOCjjTRf', '2kICSDoS7Quffd2YWhWc4A', '3ZM3PuJbo9cSw1vfN71Cxe', '77bXQz1JKj0VbjiAXCdg5J']"
BTS,,6,75991570,87,"['k-pop', 'k-pop boy group', 'pop']",3Nrfpe0tUJi4K4DXYWgMUX,https://open.spotify.com/artist/3Nrfpe0tUJi4K4DXYWgMUX,"['https://i.scdn.co/image/ab6761610000e5ebd642648235ebf3460d2d1f6a', 'https://i.scdn.co/image/ab67616100005174d642648235ebf3460d2d1f6a', 'https://i.scdn.co/image/ab6761610000f178d642648235ebf3460d2d1f6a']","['6cERiMLQshxggY08xXwCFY', '27yYOfyN7Yxq0HTk5kqE21', '4nFy5NIK2ene8zOL8eazL5', '39EXmP6K5SlkHP4HOBsAwE', '23woe6I3sgZC6A7xlDAfht', '7tuSfds5N7Hd3FUyONsVuG']"
Rihanna,,1,62860302,91,"['barbadian pop', 'pop', 'urban contemporary']",5pKCCKE2ajJHZ9KAiaK11H,https://open.spotify.com/artist/5pKCCKE2ajJHZ9KAiaK11H,"['https://i.scdn.co/image/ab6761610000e5eb99e4fca7c0b7cb166d915789', 'https://i.scdn.co/image/ab6761610000517499e4fca7c0b7cb166d915789', 'https://i.scdn.co/image/ab6761610000f17899e4fca7c0b7cb166d915789']",['6x4pn6YkNEeUWYajMUHc3V']
Bruno Mars,,1,59572008,93,"['dance pop', 'pop']",0du5cEVh5yTK9QJze8zA0C,https://open.spotify.com/artist/0du5cEVh5yTK9QJze8zA0C,"['https://i.scdn.co/image/ab6761610000e5ebc36dd9eb55fb0db4911f25dd', 'https://i.scdn.co/image/ab67616100005174c36dd9eb55fb0db4911f25dd', 'https://i.scdn.co/image/ab6761610000f178c36dd9eb55fb0db4911f25dd']",['33vVAwgS0L2YBKXVKZRP2h']
Adele,,13,58956674,88,"['british soul', 'pop', 'pop soul', 'uk pop']",4dpARuHxo51G3z768sgnrY,https://open.spotify.com/artist/4dpARuHxo51G3z768sgnrY,"['https://i.scdn.co/image/ab6761610000e5eb68f6e5892075d7f22615bd17', 'https://i.scdn.co/image/ab6761610000517468f6e5892075d7f22615bd17', 'https://i.scdn.co/image/ab6761610000f17868f6e5892075d7f22615bd17']","['5X0DkUGZQuCdkISgdipUvs', '3SSyTqobHM6TADfqFWcF8v', '0LVSpuedKz1ZYplC0pMTyr', '0gxOFvattWsJuPZa00O9KH', '1SPJ7yYIn2xWJ7uIs0VzJW', '0D0Nu1FIFc4vxfRGSQNoxU', '6GA5WwNNLGe9x3eLiWyj1o', '6BEHfBll9XkQ35PwnRuCap', '7qNXbOz6IZVYIj7UbZEHpp', '0WWoc48eOLaF7B3SGWviw4', '1KEJCdM3UGoC9aXGNw4PYi', '1TxKfUewqpRw4geTMqpKjL', '6EX9mWhdYma2eiphRZ6A3q']"
Imagine Dragons,,2,54687996,89,"['modern rock', 'pop', 'rock']",53XhwfbYqKCa1cC15pYq2q,https://open.spotify.com/artist/53XhwfbYqKCa1cC15pYq2q,"['https://i.scdn.co/image/ab6761610000e5ebab47d8dae2b24f5afe7f9d38', 'https://i.scdn.co/image/ab67616100005174ab47d8dae2b24f5afe7f9d38', 'https://i.scdn.co/image/ab6761610000f178ab47d8dae2b24f5afe7f9d38']","['2kanUejWaQaL7HtrVCSPSp', '12hwywc9coPhF1cUGLIHBl']"
Coldplay,,3,53637976,91,"['permanent wave', 'pop']",4gzpq5DPGxSnKTe4SA8HAU,https://open.spotify.com/artist/4gzpq5DPGxSnKTe4SA8HAU,"['https://i.scdn.co/image/ab6761610000e5eb1ba8fc5f5c73e7e9313cc6eb', 'https://i.scdn.co/image/ab676161000051741ba8fc5f5c73e7e9313cc6eb', 'https://i.scdn.co/image/ab6761610000f1781ba8fc5f5c73e7e9313cc6eb']","['14KVt35ieKp2jCYHmWeo9r', '71RHA9NXlNKybOzSHaK4xx', '7dOit469ZXFRVCEaARNOVt']"
Queen,,0,51366407,86,"['classic rock', 'glam rock', 'rock']",1dfeR4HaWDbWqFHLkxsg1d,https://open.spotify.com/artist/1dfeR4HaWDbWqFHLkxsg1d,"['https://i.scdn.co/image/b040846ceba13c3e9c125d68389491094e7f2982', 'https://i.scdn.co/image/af2b8e57f6d7b5d43a616bd1e27ba552cd8bfd42', 'https://i.scdn.co/image/c06971e9ff81696699b829484e3be165f4e64368', 'https://i.scdn.co/image/6dd0ffd270903d1884edf9058c49f58b03db893d']",[]
BLACKPINK,,2,51070745,81,"['k-pop', 'k-pop girl group', 'pop']",41MozSoPIsD1dJM0CLPjZF,https://open.spotify.com/artist/41MozSoPIsD1dJM0CLPjZF,"['https://i.scdn.co/image/ab6761610000e5ebc9690bc711d04b3d4fd4b87c', 'https://i.scdn.co/image/ab67616100005174c9690bc711d04b3d4fd4b87c', 'https://i.scdn.co/image/ab6761610000f178c9690bc711d04b3d4fd4b87c']","['1Ipnp5MZBEGiKQAaTNdQU0', '1SDX9NfXNGApf6soXNrbFt']"
Selena Gomez,,1,50793846,82,"['pop', 'post-teen pop']",0C8ZW7ezQVs4URX5aX7Kqx,https://open.spotify.com/artist/0C8ZW7ezQVs4URX5aX7Kqx,"['https://i.scdn.co/image/ab6761610000e5ebc3c753851496854e29abff7a', 'https://i.scdn.co/image/ab67616100005174c3c753851496854e29abff7a', 'https://i.scdn.co/image/ab6761610000f178c3c753851496854e29abff7a']",['3PDHz4d64pkLRtweFMWAJz']
XXXTENTACION,,35,46807146,88,"['emo rap', 'miami hip hop', 'rap']",15UsOTVnJzReFVN1VCnxy4,https://open.spotify.com/artist/15UsOTVnJzReFVN1VCnxy4,"['https://i.scdn.co/image/ab6761610000e5ebf0c20db5ef6c6fbe5135d2e4', 'https://i.scdn.co/image/ab67616100005174f0c20db5ef6c6fbe5135d2e4', 'https://i.scdn.co/image/ab6761610000f178f0c20db5ef6c6fbe5135d2e4']","['53wTHzuHmg1BneShmcslAa', '49c4IgVCgskRxF5Vec7YQt', '3zg3yTSEymHRa536TFhWpb', '0SgtZqhsJJuPyG8CN1BdUd', '4hUL5rRc1XtMjSJ5u30sYf', '1PgMZ2uxA6f9S6uLOnoTnW', '0yqbdlrKVORzlFj3QC7JQv', '2ajuyCgGRpPydbAWmZKQwE', '5JNhHOtuS89lQyQcX3JsJC', '6gbluIy5cbbGBBNtA7r7VP', '5pam6o83YZAgaTrB5RrOHd', '2f0HegqqoUGLytWxYLL2Jh', '3atODGnBdzKgiN62wPjvII', '4tQViESH2CnACc7jBDNFDI', '4sEZUPi9YUIQbOM7Z78lbp', '7FEcinFOnc46R16pXqbRzh', '1RdjnpmZvPsOW8zbfTrY9P', '7uPCTytlrGDYlLQIaptwF6', '360R1D6Kq1yNCzBawbSrbu', '28qdihegDoi6zBbPCjkPtf', '3Klv4tJA5mC1GrtOS5Yumy', '0hCiQhpKJSNbzTU6nzjGBC', '4aonbPBVs5toL16LSFwqVj', '3O6HS7MgGiYhXfSf1qoSVY', '2Jzr16Zulb1RXeNyDwjJAU', '1spI7qsDP1kk9Y8fdjuFoI', '1J77lRx9zF4Y0E31sZ6UGt', '02SEDCxFYNu7L4sX14zTMy', '6Xac6ABVGBfR3YDZWS4EEo', '66hLD19lOejg4Gff72xhfa', '4qUtKyDJz5Z5zYxSpzBrcK', '6Cr6Arn8Cu95VNiKFBoSHU', '0dxzqzBjP9m5zRcklwIzmJ', '6T4dCBYupj5f7KxFycFls9', '4iZxUwrLvJMb0GAWNlrCZ8']"
Post Malone,,3,45443323,92,"['dfw rap', 'melodic rap', 'pop', 'rap']",246dkjvS1zLTtiykXe5h60,https://open.spotify.com/artist/246dkjvS1zLTtiykXe5h60,"['https://i.scdn.co/image/ab6761610000e5ebe17c0aa1714a03d62b5ce4e0', 'https://i.scdn.co/image/ab67616100005174e17c0aa1714a03d62b5ce4e0', 'https://i.scdn.co/image/ab6761610000f178e17c0aa1714a03d62b5ce4e0']","['4neZQ7jav5HgkL9KDcl8d6', '2FxkziCMsoO1fP1KZMHpRJ', '2Gz27V2tdZmyDYAUiROfio']"
Dua Lipa,,3,44738611,88,"['dance pop', 'pop', 'uk pop']",6M2wZ9GZgrQXHCFfjv46we,https://open.spotify.com/artist/6M2wZ9GZgrQXHCFfjv46we,"['https://i.scdn.co/image/ab6761610000e5eb0c68f6c95232e716f0abee8d', 'https://i.scdn.co/image/ab676161000051740c68f6c95232e716f0abee8d', 'https://i.scdn.co/image/ab6761610000f1780c68f6c95232e716f0abee8d']","['1zYeq6SEjqEF63US1c9qGw', '2DuErOkQtSHBtKYGcRK2ad', '0zn5QnUOlp1V9txLoEj3Nx']"
Shawn Mendes,,2,43309665,84,"['canadian pop', 'pop', 'viral pop']",7n2wHs1TKAczGzO7Dd2rGr,https://open.spotify.com/artist/7n2wHs1TKAczGzO7Dd2rGr,"['https://i.scdn.co/image/ab6761610000e5ebd56712ef06c48938329731e1', 'https://i.scdn.co/image/ab67616100005174d56712ef06c48938329731e1', 'https://i.scdn.co/image/ab6761610000f178d56712ef06c48938329731e1']","['5UclRsd3AiqMP8uD06HS0V', '0hIKOD1OKTjN5akLOnKVWT']"
Maroon 5,,0,42721740,87,['pop'],04gDigrS5kc9YWfZHwBETP,https://open.spotify.com/artist/04gDigrS5kc9YWfZHwBETP,"['https://i.scdn.co/image/ab6761610000e5ebf8349dfb619a7f842242de77', 'https://i.scdn.co/image/ab67616100005174f8349dfb619a7f842242de77', 'https://i.scdn.co/image/ab6761610000f178f8349dfb619a7f842242de77']",[]
Lana Del Rey,,39,40138539,92,"['art pop', 'pop']",00FQb4jTyendYWaN8pK0wa,https://open.spotify.com/artist/00FQb4jTyendYWaN8pK0wa,"['https://i.scdn.co/image/ab6761610000e5ebb99cacf8acd5378206767261', 'https://i.scdn.co/image/ab67616100005174b99cacf8acd5378206767261', 'https://i.scdn.co/image/ab6761610000f178b99cacf8acd5378206767261']","['48lagIneZcUyYrXNRvOOpU', '28MZtwGus5rYPvGWCzx8d1', '66CEPRPjoagZx897ecvc1P', '4oF6xRCHbxArw9oVPc3IBn', '59G3vgZkKUmYIyH6t0d5j1', '22x2EXKACt9eHk7wOsc68o', '0ezkEqepz43yo83uHleSdr', '0p8jbBt35avdj0W2Tg8Opb', '1IZreOHL8epLpaQfmIiyLD', '7aY3xTMucJ1UUNYFLl59Qh', '0L5WGKqckaY2sPSsPvv0EK', '5ogsvufDl0CvJqzgviH6fz', '0wAZQUW0SyfPo8ND6sml5B', '28Y7S8dTTc6MDzpI9JQ6c1', '3QFl0ym74rbyhQx9z8cwhV', '23O01b3juFt3shqvHNgMZy', '3zqDjVOqhchGL5ga0OMsef', '4MSjPks68nFKYIhMnNDlZ3', '5wQezwnPAuxyOFV7WJVMQw', '5bA8h7oICtjvMY8CzIooCv', '7nF24VpsSplbwPs0Zd59mQ', '1Qu0BbRuvKfvdeQGytlRfZ', '4ZUrwh3rAMgvNzOhJ7qtrk', '4x6X79oUf1MTENghCR6lsn', '1dYHHMxwl9fdnzY9fTC8II', '64Z5yGtW4lFPLhWuDPFlru', '5MJqZIWSPMJap7YK6XxdWH', '6kTRB16nsBO9eOdaKmYOcR', '5D9Z1azc4swoa2GU4OIJIv', '4h8h2MhrK9pdmou5plHJhJ', '7rHljzq2LQZpf0ejOJHvGO', '2aaZC7fzvE8kkrhvyRYenJ', '0sB3c3wh3rgsOl2FH68JsG', '6Utfcpt6Q7r9ZiG74qAog1', '0LetF2yAsIobhOyo8RwRYx', '6XWy34F3TOQRESEVVuPKT4', '7MZ0ZpiFqlWj36Is3dQGZW', '39tao00tgCxo9cdOIs8v3W', '6CFwl7QwjE78XzTm0kQHsH']"
Olivia Rodrigo,,11,40011804,88,['pop'],1McMsnEElThX1knmY4oliG,https://open.spotify.com/artist/1McMsnEElThX1knmY4oliG,"['https://i.scdn.co/image/ab6761610000e5ebe03a98785f3658f0b6461ec4', 'https://i.scdn.co/image/ab67616100005174e03a98785f3658f0b6461ec4', 'https://i.scdn.co/image/ab6761610000f178e03a98785f3658f0b6461ec4']","['5M2mxbQDgIovmC1O2XXmqB', '5lLcCwiTgxPCwMcfq0uo82', '6DvDjMKSSHLyJJYlis2gsS', '25SWMXtEFh3v39sfqRKmpV', '42exrETjQiZgXTtjXV8kVw', '23yeb58esNWy9KaO7ee1jz', '0RNGXku0apjS2CHqTY8ewi', '6HOIAQdtvvOWuG9e2m1YHV', '2vSqX3QlD8c2hxE7YLVEDG', '03ZYIIogr3iZ48QeuUYR25', '1Nf6ZMYFlAHcIGTgmncvqt']"
Beyonc√©,Beyonce,3,38652306,87,"['pop', 'r&b']",6vWDO969PvNqNYHIOW5v0m,https://open.spotify.com/artist/6vWDO969PvNqNYHIOW5v0m,"['https://i.scdn.co/image/ab6761610000e5eb247f44069c0bd1781df2f785', 'https://i.scdn.co/image/ab67616100005174247f44069c0bd1781df2f785', 'https://i.scdn.co/image/ab6761610000f178247f44069c0bd1781df2f785']","['2KIzoHbNTauTUZSwVTlktM', '7hUm6QRrTtAQz1xFGKYkDI', '2Q63yx6CJi7NMTLocmZC5o']"
Anuel AA,,0,37958752,88,"['reggaeton', 'reggaeton flow', 'trap boricua', 'trap latino', 'urbano latino']",2R21vXR83lH98kGeO99Y66,https://open.spotify.com/artist/2R21vXR83lH98kGeO99Y66,"['https://i.scdn.co/image/ab6761610000e5eba23ceb177745632b517cb7b2', 'https://i.scdn.co/image/ab67616100005174a23ceb177745632b517cb7b2', 'https://i.scdn.co/image/ab6761610000f178a23ceb177745632b517cb7b2']",[]
Ozuna,,0,37425193,87,"['puerto rican pop', 'reggaeton', 'trap latino', 'urbano latino']",1i8SpTcr7yvPOmcqrbnVXY,https://open.spotify.com/artist/1i8SpTcr7yvPOmcqrbnVXY,"['https://i.scdn.co/image/ab6761610000e5ebc80f303b208a480f52e8180b', 'https://i.scdn.co/image/ab67616100005174c80f303b208a480f52e8180b', 'https://i.scdn.co/image/ab6761610000f178c80f303b208a480f52e8180b']",[]
One Direction,,29,36508910,85,"['boy band', 'pop', 'post-teen pop', 'talent show']",4AK6F7OLvEQ5QYCBNiQWHq,https://open.spotify.com/artist/4AK6F7OLvEQ5QYCBNiQWHq,"['https://i.scdn.co/image/5bb443424a1ad71603c43d67f5af1a04da6bb3c8', 'https://i.scdn.co/image/289c7f686f5b78ceeb224453cf9a15697a678a79', 'https://i.scdn.co/image/45741ba38b51130bb96e00c0e24d17ba311a9293', 'https://i.scdn.co/image/6c89c662ad0ab75bc2af9a3ae2b16f811daced50']","['2MJ8jIb921eIemSZTpajTG', '0OhlxEgNiH5sKlaQtwIg9Z', '6aovwMjumYfl3JX7V6lkVG', '20TQMJCr4KavW8S8Dqz9LB', '5sOUW4iglblzlRbBBb729Y', '7fH1JXrRmXcqR0orj03k5c', '23DLfDfjg9HHtssODMXbPL', '7LV2X7RvOAUrsNwnK3HhEN', '45NquBrVpt9ozuOaYJUuu0', '2yTQyHmqbt8PHc0l0yLQUO', '3rGXoxruiFmmH7ajS9HH0f', '4cBbG33CyWCtLxMWDFcAjl', '7E3KW8JGpvMAOJu9ooshWk', '1c9cWKxM9bvQLhKonThVhV', '1tYm8eGYCTGZC8YJ3yUEGt', '03mub9xZ83a9VSp9NBGuL2', '1pLl338SyIemehp8vfLD09', '4qX3gM7gOlsP74BPnbPi8R', '1xyug6JRIKwbv0RAi7QmkJ', '6SuBsMD08yBsSIEte9dO3l', '2fHcmAQf8ovCOeBGfTo0mS', '6XCcrbnrNtucBmApE17AXb', '0jYl7GzIvNHFxkes2BdXce', '2NTFbxPBrxx9itBFfCjgOq', '0P6HuX5zqRcFTfHDjSP6bF', '6nwNjO3H3fIJaiDQmewfzP', '4EL4kOlLWh2pUnBclrQKR8', '1P80du0XuFXK36oOtTqpTB', '4rQspkxm70CKC1p8xc432I']"
Sidhu Moose Wala,,0,35654243,78,"['desi hip hop', 'pakistani hip hop', 'punjabi hip hop', 'punjabi pop']",4PULA4EFzYTrxYvOVlwpiQ,https://open.spotify.com/artist/4PULA4EFzYTrxYvOVlwpiQ,"['https://i.scdn.co/image/ab6761610000e5eb9973157bdaedef3f77ef8e13', 'https://i.scdn.co/image/ab676161000051749973157bdaedef3f77ef8e13', 'https://i.scdn.co/image/ab6761610000f1789973157bdaedef3f77ef8e13']",[]
Juice WRLD,,92,35472146,88,"['chicago rap', 'melodic rap', 'rap']",4MCBfE4596Uoi2O4DtmEMz,https://open.spotify.com/artist/4MCBfE4596Uoi2O4DtmEMz,"['https://i.scdn.co/image/ab6761610000e5eb1908e1a8b79abf71d5598944', 'https://i.scdn.co/image/ab676161000051741908e1a8b79abf71d5598944', 'https://i.scdn.co/image/ab6761610000f1781908e1a8b79abf71d5598944']","['2tCGKXWHTwz9GS0JZCDAFw', '08Mdt8cyDA1R1WH073y6lN', '3R3SMViKeV4TG73gKaDR52', '79n69M1SojhuzUKljz1aVL', '1CdiXCiDeXoATtw829BNVg', '2gCJOMKt2c7JGlu89r5lUh', '7nwc18qVNXK9KGofsiF7Wr', '1qdbRtIkbFcCxu7UeBw7DW', '7yoSRZdCd5YjsokJ7BvGrp', '63qzRYugEwLba7s2xr5FoH', '0OVfdpqsDbr4h5m5vO0FZx', '1S64x4Es2zWYsRla8yJ2Wt', '10OVlzzCf6Rm17nHwoJ08d', '3Utqddz89cNTwaNY2ZNJnK', '6ZnfeN2ZEHWcoAqK5MOHmV', '0fUBm7xP3eAzMpKt3CynOM', '6PUr5sZCYkLKx3EvWDP7l5', '1nt4POKWkxYUUOnx5J37HI', '3xBGQ8Lpv8dF0Bvay5ku0m', '4CRkspwPv7lxqY8UCiCuJr', '4vSOkbt0BtuQFOV8VbzzRb', '2zISpT5e2C0JUUh8pUKRZJ', '2Zn4bL13z17ofgjfGOJdwf', '3mBeuAxWciD9HG16Yt3wZt', '4FsejWswzU5zoYEMgtpCMn', '158eG5WlbnKZjPc08Eitwl', '5zyIqWTdMfSaSe6XPZAjmd', '39FqZejqhfrPxKCdKYanZx', '68q42EqJs5SVLM7rJXhWPX', '5d6vRttAaJJVm5xA8DeQMc', '6pugeEbmUbLAr63MHl0dKE', '29KqYVUzLjxKyRRu8IR7f4', '0UxujCRD0ACtRLhRIJ9i1q', '0uFxGJGACG61siPODkrXng', '4jnWwCivDnYLGKfz8ur6ug', '592DwyUssRJDyYLa5WwmxY', '5CdnisQHhV96szGTdUPZFK', '5BKV0nOfQ1RNFeIACLcSOp', '42bPns5tJFoOoXq21BYySZ', '5T5wj1Dufq4aC6TfwsPTCf', '20aVnE9Q4F0sEADYHFQJJC', '1jJhyu607FKp2jOlgcPYEv', '2aNXmColXULDvmbJPLJ6tj', '2I2S6XkrifbasaEmD7gkj6', '7AFnjFMtkQkj9JUIYF21XU', '2jGNnzWHTQk1Pup90x2kIE', '2Gpd7lRAhSYz5ETUYa5oiA', '6wCWBXEgfNnHN5eAOLLQ1L', '1R8Q6T5rUl0yAT0NWtkWlJ', '5bOeDUYcXtLmZ06B3PDBC9', '3nu3Ns3yWYAOfHrPHUBoDX', '4jIcb3Zw7jge7qnUGiAgVi', '50a3pJsX71LqEpjJzHG99X', '6jch3o4at6yLw0ACXNeSli', '5jdcIzjswBrc0h5u4IRAaV', '61xjvnYTftnbw2Yr1MtylF', '2CrJkwY7AH0NwRM9MI4XDo', '1YryBB5Ilrot2jLWvFaDKa', '6eIbB64s0mxiTedToiR01W', '46Wco66d7DI2lKF2eNRA1S', '24fy552Urs3ccy9Y0MgOS1', '5DbyUWmbb7OyuaNZgRFWlC', '3OtarMjLYxMfK4mNH5VBwi', '5zyJ4gttvL5jPmBwUtEI2G', '4DrDxgvolPImzfKjBIYXyR', '31l7Ei4Mzk3TEwjrCUqLyl', '4vUHLmPX2uAx8kF8wLQvEj', '7dyCYgFbr5JfeT6e7eMJB3', '3SiKwikJMZdvdpPF8ukOAG', '4xoJ4JkgAF9AM12idc29zD', '6UXZFXAKJqxAeAaoMIvPb1', '0OMVtB2JYKX5jacnCZhaOp', '46ZEITHf6bwAlzr0OM28Ga', '0kpGf1yoqWwKEJmeUfIBD9', '2RUCGIXNF6JdGGHDjbfXNq', '2sjmlS9GS6tgVvbhu5Ea8g', '2hoZHImY0LM1FeLZCw5T1q', '5D0Vj9TTxZiCPAs9Ujqyyk', '6bDsjnQfvLLp2kAC92JS23', '0HNhDMaBrGphO8Xf7deg7r', '4f7rmSVvYzjRdZTk7yGhY0', '1GjvuDSQs8gUKyr38MvEKF', '7p8HEJNI0WLuB24TqD45f6', '4f6gZjMJqKzAs1WM4K1drd', '71LtiMK663st0s9GxG4IFk', '6AA3jr7yMkvYoKwG5jj41I', '1DQrYt4wTOGNMH7NgB5XCZ', '2hHv4GTbsWcjNrfz4Ewb1G', '6ekTT86II86ddHS3KOzm3L', '3dPauGrptZbfzLUos2vlSa', '4kAnStUlSZ0mw517wAESCE', '79srawVAwDhKhGKWJe14dO']"
Daddy Yankee,,0,35053590,87,"['latin hip hop', 'reggaeton', 'trap latino', 'urbano latino']",4VMYDCV2IEDYJArk749S6m,https://open.spotify.com/artist/4VMYDCV2IEDYJArk749S6m,"['https://i.scdn.co/image/ab6761610000e5ebaa534de724c7a565c07bb3f5', 'https://i.scdn.co/image/ab67616100005174aa534de724c7a565c07bb3f5', 'https://i.scdn.co/image/ab6761610000f178aa534de724c7a565c07bb3f5']",[]
Shakira,,0,34679139,87,"['colombian pop', 'dance pop', 'latin pop', 'pop']",0EmeFodog0BfCgMzAIvKQp,https://open.spotify.com/artist/0EmeFodog0BfCgMzAIvKQp,"['https://i.scdn.co/image/ab6761610000e5eb4bcac4597bf9cc38d0a9f92a', 'https://i.scdn.co/image/ab676161000051744bcac4597bf9cc38d0a9f92a', 'https://i.scdn.co/image/ab6761610000f1784bcac4597bf9cc38d0a9f92a']",[]
Maluma,,0,34606511,86,"['latin pop', 'reggaeton', 'reggaeton colombiano', 'trap latino', 'urbano latino']",1r4hJ1h58CWwUQe3MxPuau,https://open.spotify.com/artist/1r4hJ1h58CWwUQe3MxPuau,"['https://i.scdn.co/image/ab6761610000e5eb912d3ab996f98aa30d3a05d0', 'https://i.scdn.co/image/ab67616100005174912d3ab996f98aa30d3a05d0', 'https://i.scdn.co/image/ab6761610000f178912d3ab996f98aa30d3a05d0']",[]
Katy Perry,,1,34517640,87,['pop'],6jJ0s89eD6GaHleKKya26X,https://open.spotify.com/artist/6jJ0s89eD6GaHleKKya26X,"['https://i.scdn.co/image/ab6761610000e5eb5e5f676a99a81dba06cc3db6', 'https://i.scdn.co/image/ab676161000051745e5f676a99a81dba06cc3db6', 'https://i.scdn.co/image/ab6761610000f1785e5f676a99a81dba06cc3db6']",['0LgFfy2doLFU8QcxzI37fb']
Marshmello,,0,33812791,84,"['brostep', 'edm', 'pop', 'progressive electro house']",64KEffDW9EtZ1y2vBYgq8T,https://open.spotify.com/artist/64KEffDW9EtZ1y2vBYgq8T,"['https://i.scdn.co/image/ab6761610000e5eb69b18a96278c204074a6f265', 'https://i.scdn.co/image/ab6761610000517469b18a96278c204074a6f265', 'https://i.scdn.co/image/ab6761610000f17869b18a96278c204074a6f265']",[]
Camila Cabello,,3,33812131,82,"['dance pop', 'pop']",4nDoRrQiYLoBzwC5BhVJzF,https://open.spotify.com/artist/4nDoRrQiYLoBzwC5BhVJzF,"['https://i.scdn.co/image/ab6761610000e5eb76470faf6330235edbcb90a9', 'https://i.scdn.co/image/ab6761610000517476470faf6330235edbcb90a9', 'https://i.scdn.co/image/ab6761610000f17876470faf6330235edbcb90a9']","['2a1q4Roxw67xGxUSJYA0Cs', '4IcUAGyTrJRYMwHbeZDDxe', '4XGLfRBWFFa5fkoEzitsQH']"
Travis Scott,,23,33240522,94,"['rap', 'slap house']",0Y5tJX1MQlPlqiwlOH1tJY,https://open.spotify.com/artist/0Y5tJX1MQlPlqiwlOH1tJY,"['https://i.scdn.co/image/ab6761610000e5eb19c2790744c792d05570bb71', 'https://i.scdn.co/image/ab6761610000517419c2790744c792d05570bb71', 'https://i.scdn.co/image/ab6761610000f17819c2790744c792d05570bb71']","['16ue0TtaD8pd8cUFIhOt04', '1ookhQk5TcOHojnKGkYjD4', '2L8VWXCey7FW3FjlvG6tI7', '3B7RSgeafVT3Jk4PwamsZm', '3Ey5oQ6fD60DoEzCZSlL0X', '3uPNEtZiOe5mtTR2OIbS7u', '0iONxcndTY1oNoMThf3jUZ', '6rgEDSda9eFRp3QwcjH3Ng', '6gpRe8hqcORuQCIbaNuDLG', '0ZcZB12vPk5AuW4cGYYqKi', '1MHcjI9MONRQmWoT5f6YRt', '71DMCnbpI3yajkm75uq9l6', '1aKd5ObCHlfy27tWzRT2Nb', '50HUmvlG6xjVQqypi20WZ9', '2ZRY1gQ5f2GLn43O1gxfud', '4FXamZb4HKrHPoluH5o9fT', '3MZWlUI1XCxAkM6ARRmml7', '7H5kIv12ZqboTVYsGIzlOn', '6hY6P5L9GRsFpl3Z0za7E5', '1nRfq3Aii4RwIpQCHcsmlf', '5FSkHTpStuLMv1WfemrVUg', '2G9WPRcqCBEI4TQzyJSrPO', '1eruyOIkhzGYDxcOYRYgNN']"
Kendrick Lamar,,12,33130351,92,"['conscious hip hop', 'hip hop', 'rap', 'west coast rap']",2YZyLoL8N0Wb9xBt1NhZWg,https://open.spotify.com/artist/2YZyLoL8N0Wb9xBt1NhZWg,"['https://i.scdn.co/image/ab6761610000e5eb437b9e2a82505b3d93ff1022', 'https://i.scdn.co/image/ab67616100005174437b9e2a82505b3d93ff1022', 'https://i.scdn.co/image/ab6761610000f178437b9e2a82505b3d93ff1022']","['6BU3PmCWFps5lBqd0U58vm', '1k3HI5WLKVSyF0jdoRdo3C', '2uHeLG5ajtfGw2fn5V2Nwi', '0xSiUAvDukAjG0U1faNQNy', '3BRQsoYfNoCiUdq7cHEU9s', '7orhzn44gm8IzgdkxZmcrd', '4xgtM0QRC2P9NNF5izcV7F', '34wSemi8TwYFsSnXCVFzG0', '0klAjgxNKrFc5go1GlZkZ5', '0f5UQ98NCHglSUnXCVOd7F', '22n8qbXqOXJtCGtXEvG4SQ', '3sX5ypH76COR4Yg9BHihUA']"
Harry Styles,,39,32894715,84,['pop'],6KImCVD70vtIoJWnq6nGn3,https://open.spotify.com/artist/6KImCVD70vtIoJWnq6nGn3,"['https://i.scdn.co/image/ab6761610000e5ebf7db7c8ede90a019c54590bb', 'https://i.scdn.co/image/ab67616100005174f7db7c8ede90a019c54590bb', 'https://i.scdn.co/image/ab6761610000f178f7db7c8ede90a019c54590bb']","['35aHh6cbq9scn2vszMIw0v', '1x0z3l2sOofl6jNOp622PO', '7k3hUVxufou0a5nYs8QQfZ', '7qTnajWDrFxf5eSESjyAkv', '2MJ8jIb921eIemSZTpajTG', '3NxsuAu7eq1KAIYTnhTcLD', '1bjN4UHY1cMwUFkTxiOdIK', '0WKwFCVPcR9fzcAMbLKniG', '2MtWrlhYHYYRCxt7h5edld', '24HdVU9xcRnpiiu1SOpiwq', '4EZ5ZhVuq7iarTIJJqx1On', '6TAhfXZ6RL9q0l24LJnJ4v', '09GaL77woyWji3rOZuwmKw', '4qPL8gUoAqDMvqQNeqpvLq', '3tF03VTHMxASdccZEaIgAD', '2Gr17YlKOQCUku9B2weSE3', '75agvM5YdeM72y4e6kTWUD', '6koX8aALSI7CJvSStJBk8q', '4gp334zQIWSEINOVsaDTVm', '7t9g3zZ9oFM2q7EYUeLZPp', '45NquBrVpt9ozuOaYJUuu0', '4KmhmhcISmSyvvovw7OSjm', '0Vm1hEgbvyRndcH6qHplF0', '118etC2wE5FwdLeLDccTQl', '7aYw7rXzOBpZv9LtMI0fol', '3mZNyQ12MNXxsgPJ6Ea28e', '6eZpB09lhSSbic6UA5Zokq', '4JpcE172EtrIgWY7ofQV3l', '1pLl338SyIemehp8vfLD09', '303XcGagPtHeJ9IjtVEb5D', '1PHGwc18vLyMGzhgMDhvQr', '3L5XETIYPCBPQd0Hi8XSUw', '3l8YmjPfUy4WyOu9UYipMH', '2BkwObedBq3qdjiMvJktQu', '3iQETT0867n6qurlFL5kOI', '6YTqTBjDoEtdX8utHtPsIk', '7nkuQ0Kc3WnaEatm9b66DI', '2dvCIEgv2NoCGsJgjrwkMA', '5HSLoSl5cXZyeRyYekt3zG']"
Michael Jackson,,15,32611876,84,"['r&b', 'soul']",3fMbdgg4jU18AjLCKBhRSm,https://open.spotify.com/artist/3fMbdgg4jU18AjLCKBhRSm,"['https://i.scdn.co/image/ab6761610000e5eb997cc9a4aec335d46c9481fd', 'https://i.scdn.co/image/ab67616100005174997cc9a4aec335d46c9481fd', 'https://i.scdn.co/image/ab6761610000f178997cc9a4aec335d46c9481fd']","['08lC6hpbnEnfnY29ybdS0q', '6NhdKchrxrIsBv5quzlDv2', '00N0YncfoilqIJmyRRKhVe', '7M21dcBwZF800MMhQYeSJV', '0tfxnTwv5M9OIlVNc7r8jv', '0WSf1slcRInBQV3qKlslRp', '5z3VeHBHzBKzTBoHSVWP99', '4q8L3ftRDdqvKjakESaDwg', '68TEKs4GyyiKmXnP7XdQTU', '0heyLT0Malt898WVte67ke', '7IiurX2JfWJ1WWPu7heYV9', '1obcy1z0kg6USXLjGxNrCg', '7GkLlZ8qUfL2OJ1sMytpyL', '2cFjcjRfgflFrmnnjwFQiM', '1zdswArtlaOc5FNdeykJwO']"
Anirudh Ravichander,,0,32509939,85,"['desi hip hop', 'filmi', 'tamil hip hop']",4zCH9qm4R2DADamUHMCa6O,https://open.spotify.com/artist/4zCH9qm4R2DADamUHMCa6O,"['https://i.scdn.co/image/ab6761610000e5eb0f0be2054fe9594026a6b843', 'https://i.scdn.co/image/ab676161000051740f0be2054fe9594026a6b843', 'https://i.scdn.co/image/ab6761610000f1780f0be2054fe9594026a6b843']",[]
Nicki Minaj,,3,32389477,86,"['hip pop', 'pop', 'queens hip hop', 'rap']",0hCNtLu0JehylgoiP8L4Gh,https://open.spotify.com/artist/0hCNtLu0JehylgoiP8L4Gh,"['https://i.scdn.co/image/ab6761610000e5eb07a50f0a9a8f11e5a1102cbd', 'https://i.scdn.co/image/ab6761610000517407a50f0a9a8f11e5a1102cbd', 'https://i.scdn.co/image/ab6761610000f17807a50f0a9a8f11e5a1102cbd']","['75AUpUQiztRL8lGvK1xr3n', '1rIAgfhYxLT2D3VTmxB5IF', '3SSOxtrwhByuA0Y2TeiAFk']"
Guns N' Roses,,0,31827313,81,"['glam metal', 'hard rock', 'rock']",3qm84nBOXUEQ2vnTfUTTFC,https://open.spotify.com/artist/3qm84nBOXUEQ2vnTfUTTFC,"['https://i.scdn.co/image/ab6761610000e5eb50defaf9fc059a1efc541f4c', 'https://i.scdn.co/image/ab6761610000517450defaf9fc059a1efc541f4c', 'https://i.scdn.co/image/ab6761610000f17850defaf9fc059a1efc541f4c']",[]
Lady Gaga,,4,31764114,91,"['art pop', 'dance pop', 'pop']",1HY2Jd0NmPuamShAr6KMms,https://open.spotify.com/artist/1HY2Jd0NmPuamShAr6KMms,"['https://i.scdn.co/image/ab6761610000e5eb60f57316669a4ba12eb37b94', 'https://i.scdn.co/image/ab6761610000517460f57316669a4ba12eb37b94', 'https://i.scdn.co/image/ab6761610000f17860f57316669a4ba12eb37b94']","['5T5ZK5ogcP2gNCms46Phad', '6S2BHvDFElTOZ8JwHhWLuB', '3SNyRFVmUvTT8m9fFZMour', '27IImUHmqDZLTyYmwSc4SZ']"
Doja Cat,,9,31392091,86,"['dance pop', 'pop']",5cj0lLjcoR7YOSnhnX0Po5,https://open.spotify.com/artist/5cj0lLjcoR7YOSnhnX0Po5,"['https://i.scdn.co/image/ab6761610000e5ebe94f88ff74ae4ddcab961f97', 'https://i.scdn.co/image/ab67616100005174e94f88ff74ae4ddcab961f97', 'https://i.scdn.co/image/ab6761610000f178e94f88ff74ae4ddcab961f97']","['5Hg3yENS4i32VyFISTAcW6', '10SitH5sn17teb3bSAPLYd', '1bM9NuoHzySlBm61ga2yb7', '4jRabvWPWYRCxATWZKUVyC', '0pZTtiI25GO7QNej3jB33f', '0xP9GLmDbKtgrhonbVjmRo', '3UzgLNE1acTmHs4zxW1V85', '6EZs488mSi2ztM9xK9Jks0', '00824M8840Hcub1BeYN3BO']"
AC/DC,,0,29455567,83,"['australian rock', 'hard rock', 'rock']",711MCceyCBcFnzjGY4Q7Un,https://open.spotify.com/artist/711MCceyCBcFnzjGY4Q7Un,"['https://i.scdn.co/image/ab6761610000e5ebc4c77549095c86acb4e77b37', 'https://i.scdn.co/image/ab67616100005174c4c77549095c86acb4e77b37', 'https://i.scdn.co/image/ab6761610000f178c4c77549095c86acb4e77b37']",[]
Sia,,0,28620895,85,['pop'],5WUlDfRSoLAfcVSX1WnrxN,https://open.spotify.com/artist/5WUlDfRSoLAfcVSX1WnrxN,"['https://i.scdn.co/image/ab6761610000e5eb7c997fe6951bc0926f09ba38', 'https://i.scdn.co/image/ab676161000051747c997fe6951bc0926f09ba38', 'https://i.scdn.co/image/ab6761610000f1787c997fe6951bc0926f09ba38']",[]
Metallica,,0,28504336,84,"['hard rock', 'metal', 'old school thrash', 'rock', 'thrash metal']",2ye2Wgw4gimLv2eAKyk1NB,https://open.spotify.com/artist/2ye2Wgw4gimLv2eAKyk1NB,"['https://i.scdn.co/image/ab6761610000e5eb69ca98dd3083f1082d740e44', 'https://i.scdn.co/image/ab6761610000517469ca98dd3083f1082d740e44', 'https://i.scdn.co/image/ab6761610000f17869ca98dd3083f1082d740e44']",[]
The Beatles,,3,28432857,86,"['british invasion', 'classic rock', 'merseybeat', 'psychedelic rock', 'rock']",3WrFJ7ztbogyGnTHbHJFl2,https://open.spotify.com/artist/3WrFJ7ztbogyGnTHbHJFl2,"['https://i.scdn.co/image/ab6761610000e5ebe9348cc01ff5d55971b22433', 'https://i.scdn.co/image/ab67616100005174e9348cc01ff5d55971b22433', 'https://i.scdn.co/image/ab6761610000f178e9348cc01ff5d55971b22433']","['22fzcePYSDuehBSD2XjU2R', '6IgKY6WLaTRM4GXzwUT6Ur', '3zMZbXWwNDKvnLOC6xvoUe']"
Kanye West,,11,27285904,93,"['chicago rap', 'hip hop', 'rap']",5K4W6rqBFWDnAN6FQUkS6x,https://open.spotify.com/artist/5K4W6rqBFWDnAN6FQUkS6x,"['https://i.scdn.co/image/ab6761610000e5eb6e835a500e791bf9c27a422a', 'https://i.scdn.co/image/ab676161000051746e835a500e791bf9c27a422a', 'https://i.scdn.co/image/ab6761610000f1786e835a500e791bf9c27a422a']","['0jC6Lasw8fsvsMHGfNjEBg', '6SPMfmQD7cQOjVhVrhu7o7', '6cghRorYa634A0nwSkhMQI', '75n9nSDP18XgN9vDLrBLYO', '0BaSJ8qtXLlPHuPSC6yH6v', '3nW72mp7HWioWORozvNUBb', '42ZiMaG3a8aC6rFnz0IlQY', '3SWEcJZgIY2RSRYHigrZ6G', '7JXwTphTy5Y558NjFv8hzm', '2ccHau9eJANqmQ2j3g9iS5', '5tvYsgVv98xQYvOCfNa3MH']"
Atif Aslam,,0,27203276,79,"['classic pakistani pop', 'filmi', 'modern bollywood', 'sufi']",2oSONSC9zQ4UonDKnLqksx,https://open.spotify.com/artist/2oSONSC9zQ4UonDKnLqksx,"['https://i.scdn.co/image/ab6761610000e5ebc40600e02356cc86f0debe84', 'https://i.scdn.co/image/ab67616100005174c40600e02356cc86f0debe84', 'https://i.scdn.co/image/ab6761610000f178c40600e02356cc86f0debe84']",[]
Badshah,,0,27172367,77,"['desi hip hop', 'desi trap', 'filmi', 'modern bollywood']",0y59o4v8uw5crbN9M3JiL1,https://open.spotify.com/artist/0y59o4v8uw5crbN9M3JiL1,"['https://i.scdn.co/image/ab6761610000e5ebeddbb664c4723f268a60d8c1', 'https://i.scdn.co/image/ab67616100005174eddbb664c4723f268a60d8c1', 'https://i.scdn.co/image/ab6761610000f178eddbb664c4723f268a60d8c1']",[]
Linkin Park,,8,26933544,92,"['alternative metal', 'nu metal', 'post-grunge', 'rap metal', 'rock']",6XyY86QOPPrYVGvF9ch6wz,https://open.spotify.com/artist/6XyY86QOPPrYVGvF9ch6wz,"['https://i.scdn.co/image/ab6761610000e5ebb879fb76928dc28e9ecc7c2f', 'https://i.scdn.co/image/ab67616100005174b879fb76928dc28e9ecc7c2f', 'https://i.scdn.co/image/ab6761610000f178b879fb76928dc28e9ecc7c2f']","['4dH0R5A0ytoRvdmLGLrMRB', '0H39ShR3WcWQgSy7Turge9', '06JwxHaW3pWh1VgyRThm4H', '6O4oCFs3J81pONpwzzZplH', '5TQgLzIIvst8KZCI0wiEBN', '2MnwJjSy9Bq2StXNuoIwSg', '0990VZsSmUiYiQbqs2hR46', '4XAtWwetU3lLmpX71jkeGm']"
Demi Lovato,,0,26707304,78,"['pop', 'post-teen pop']",6S2OmqARrzebs0tKUEyXyp,https://open.spotify.com/artist/6S2OmqARrzebs0tKUEyXyp,"['https://i.scdn.co/image/ab6761610000e5ebe106fea940fcf250f8dd5bfe', 'https://i.scdn.co/image/ab67616100005174e106fea940fcf250f8dd5bfe', 'https://i.scdn.co/image/ab6761610000f178e106fea940fcf250f8dd5bfe']",[]
Arctic Monkeys,,7,26668919,87,"['garage rock', 'modern rock', 'permanent wave', 'rock', 'sheffield indie']",7Ln80lUS6He07XvHI8qqHH,https://open.spotify.com/artist/7Ln80lUS6He07XvHI8qqHH,"['https://i.scdn.co/image/ab6761610000e5eb7da39dea0a72f581535fb11f', 'https://i.scdn.co/image/ab676161000051747da39dea0a72f581535fb11f', 'https://i.scdn.co/image/ab6761610000f1787da39dea0a72f581535fb11f']","['0qxwjcXyxns24g4GW4K1SQ', '03XZB1xaUlrbMIx6exg5eb', '6h44qMjpTk52PFtMSpP6HN', '0dFvxZHNq1bu7D1P2LVOT2', '6vDp5DQHRBfdwUcKxz6GTP', '1WZOwICW0kYEm1Eom1Tmib', '6mANJo6ZJKDzrqPj6csffj']"
David Guetta,,0,26231986,90,"['big room', 'dance pop', 'edm', 'pop', 'pop dance']",1Cs0zKBU1kc0i8ypK3B9ai,https://open.spotify.com/artist/1Cs0zKBU1kc0i8ypK3B9ai,"['https://i.scdn.co/image/ab6761610000e5ebf150017ca69c8793503c2d4f', 'https://i.scdn.co/image/ab67616100005174f150017ca69c8793503c2d4f', 'https://i.scdn.co/image/ab6761610000f178f150017ca69c8793503c2d4f']",[]
Miley Cyrus,,2,24776255,84,['pop'],5YGY8feqx7naU7z4HrwZM6,https://open.spotify.com/artist/5YGY8feqx7naU7z4HrwZM6,"['https://i.scdn.co/image/ab6761610000e5ebb4ba86c361191d48cbeb4b32', 'https://i.scdn.co/image/ab67616100005174b4ba86c361191d48cbeb4b32', 'https://i.scdn.co/image/ab6761610000f178b4ba86c361191d48cbeb4b32']","['5EzIZlpmf3drcK5TAQluVa', '10Q8CjnepIZ4WZemKdlbGX']"
Twenty One Pilots,,4,24695902,83,"['modern rock', 'pop', 'pov: indie', 'rock']",3YQKmKGau1PzlVlkL1iodx,https://open.spotify.com/artist/3YQKmKGau1PzlVlkL1iodx,"['https://i.scdn.co/image/ab6761610000e5eb274df4dfcb960867eccedfb5', 'https://i.scdn.co/image/ab67616100005174274df4dfcb960867eccedfb5', 'https://i.scdn.co/image/ab6761610000f178274df4dfcb960867eccedfb5']","['4lqteixLbK1eBWvwEzHOSp', '1BlNvV1OdiWBlvJj58b2Gj', '1V6J06ezph9KZ4bJ2Ygo52', '5hYe8qzJOFgGw8VkL11B4h']"
J. Cole,,0,24569406,86,"['conscious hip hop', 'hip hop', 'north carolina hip hop', 'rap']",6l3HvQ5sa6mXTsMTB19rO5,https://open.spotify.com/artist/6l3HvQ5sa6mXTsMTB19rO5,"['https://i.scdn.co/image/ab6761610000e5eb4b053c29fd4b317ff825f0dc', 'https://i.scdn.co/image/ab676161000051744b053c29fd4b317ff825f0dc', 'https://i.scdn.co/image/ab6761610000f1784b053c29fd4b317ff825f0dc']",[]
Cardi B,,0,24472358,80,"['pop', 'rap']",4kYSro6naA4h99UJvo89HB,https://open.spotify.com/artist/4kYSro6naA4h99UJvo89HB,"['https://i.scdn.co/image/ab6761610000e5eb4e8a7e14e2f602eb9af24e31', 'https://i.scdn.co/image/ab676161000051744e8a7e14e2f602eb9af24e31', 'https://i.scdn.co/image/ab6761610000f1784e8a7e14e2f602eb9af24e31']",[]
Sam Smith,,0,24291709,84,"['pop', 'uk pop']",2wY79sveU1sp5g7SokKOiI,https://open.spotify.com/artist/2wY79sveU1sp5g7SokKOiI,"['https://i.scdn.co/image/ab6761610000e5ebf057d1dce23e7f4d5d0f32e5', 'https://i.scdn.co/image/ab67616100005174f057d1dce23e7f4d5d0f32e5', 'https://i.scdn.co/image/ab6761610000f178f057d1dce23e7f4d5d0f32e5']",[]
Paulo Londra,,0,23822659,78,"['argentine hip hop', 'trap argentino', 'trap latino', 'urbano latino']",3vQ0GE3mI0dAaxIMYe5g7z,https://open.spotify.com/artist/3vQ0GE3mI0dAaxIMYe5g7z,"['https://i.scdn.co/image/ab6761610000e5eb30f2a21119532004bccbe570', 'https://i.scdn.co/image/ab6761610000517430f2a21119532004bccbe570', 'https://i.scdn.co/image/ab6761610000f17830f2a21119532004bccbe570']",[]
Diljit Dosanjh,,0,23719112,79,"['filmi', 'modern bollywood', 'punjabi pop']",2FKWNmZWDBZR4dE5KX4plR,https://open.spotify.com/artist/2FKWNmZWDBZR4dE5KX4plR,"['https://i.scdn.co/image/ab6761610000e5ebfc043bea91ac91c222d235c9', 'https://i.scdn.co/image/ab67616100005174fc043bea91ac91c222d235c9', 'https://i.scdn.co/image/ab6761610000f178fc043bea91ac91c222d235c9']",[]
Rauw Alejandro,,0,23607650,90,"['puerto rican pop', 'reggaeton', 'trap latino', 'urbano latino']",1mcTU81TzQhprhouKaTkpq,https://open.spotify.com/artist/1mcTU81TzQhprhouKaTkpq,"['https://i.scdn.co/image/ab6761610000e5eba0881fe672e4e39f9ec0a9e0', 'https://i.scdn.co/image/ab67616100005174a0881fe672e4e39f9ec0a9e0', 'https://i.scdn.co/image/ab6761610000f178a0881fe672e4e39f9ec0a9e0']",[]
Chris Brown,,13,23445150,88,"['r&b', 'rap']",7bXgB6jMjp9ATFy66eO08Z,https://open.spotify.com/artist/7bXgB6jMjp9ATFy66eO08Z,"['https://i.scdn.co/image/ab6761610000e5eba48397e590a1c70e2cda7728', 'https://i.scdn.co/image/ab67616100005174a48397e590a1c70e2cda7728', 'https://i.scdn.co/image/ab6761610000f178a48397e590a1c70e2cda7728']","['0v1r9JXS4fjmsSM6p1MD77', '7aNtIXpfu7uOf7F8DrqNrC', '7I7uMxIjuXDo5uSY834lle', '1Ya5j2MAkuzDX108BochGt', '6wDAGKgMFtiUWepEXGA8XW', '3lzr2FrKFVZfAM3aRCNHPS', '7EhFsq4ThdJ0dcPzPPmDKh', '5mJ6DQRiwXCLeA3HG6Ge8b', '1jymEzf7inwAgoY012g2fu', '4682ggY5g5iDQPvYv0mA6u', '3esRR9FykwrT1yVK3FssY0', '0ZosRPo508miJViVKNxTNM', '5Lp7fC2AellCllO682LHte']"
SZA,,9,23334595,90,"['pop', 'r&b', 'rap']",7tYKF4w9nC0nq9CsPZTHyP,https://open.spotify.com/artist/7tYKF4w9nC0nq9CsPZTHyP,"['https://i.scdn.co/image/ab6761610000e5eb0895066d172e1f51f520bc65', 'https://i.scdn.co/image/ab676161000051740895066d172e1f51f520bc65', 'https://i.scdn.co/image/ab6761610000f1780895066d172e1f51f520bc65']","['1tf0IbrLtTLAcDmOLRzW5n', '0QiddgZL4ErFSfkR1cMmIz', '0FFxbJZjxD0DHtf6jaouUW', '1fbFJdnnbAo7pkauWp40Wg', '5zyWdBcPSwfdxWy1r2fo2M', '2te0NcnikNU28xwbxvCGTC', '3hMpK5Gbg3yqFXqOJFzxHe', '35RR8NUgqUCP3c13u6LTXv', '1UmdDQ05rHk6pqgfFsZ93f']"
Charlie Puth,,1,23232616,81,"['pop', 'viral pop']",6VuMaDnrHyPL1p4EHjYLi7,https://open.spotify.com/artist/6VuMaDnrHyPL1p4EHjYLi7,"['https://i.scdn.co/image/ab6761610000e5ebd5594e3ae145bbb2c096366d', 'https://i.scdn.co/image/ab67616100005174d5594e3ae145bbb2c096366d', 'https://i.scdn.co/image/ab6761610000f178d5594e3ae145bbb2c096366d']",['37i9dQZF1E4w46HIxDwkFP']
ZAYN,,6,23220118,77,"['pop', 'uk pop']",5ZsFI1h6hIdQRw2ti0hz81,https://open.spotify.com/artist/5ZsFI1h6hIdQRw2ti0hz81,"['https://i.scdn.co/image/ab6761610000e5eb7a1fba1bb3618ef71355f82a', 'https://i.scdn.co/image/ab676161000051747a1fba1bb3618ef71355f82a', 'https://i.scdn.co/image/ab6761610000f1787a1fba1bb3618ef71355f82a']","['1mrn3XIbkTiVdaCTVowyTR', '1FQSqjWGrR519xDVEsP4Rw', '3B4TQf0ZBJ9N9t6D932fI1', '45NquBrVpt9ozuOaYJUuu0', '0S1jJm3j5isPKDAIc8rIq9', '7h1ZDfhQ6BFq9SneMTdQZ9']"
Sebastian Yatra,,0,23091285,80,"['colombian pop', 'latin pop', 'reggaeton', 'reggaeton colombiano', 'urbano latino']",07YUOmWljBTXwIseAUd9TW,https://open.spotify.com/artist/07YUOmWljBTXwIseAUd9TW,"['https://i.scdn.co/image/ab6761610000e5eb1f347feae6a2afbf3ffb364a', 'https://i.scdn.co/image/ab676161000051741f347feae6a2afbf3ffb364a', 'https://i.scdn.co/image/ab6761610000f1781f347feae6a2afbf3ffb364a']",[]
Avicii,,11,23042914,82,"['dance pop', 'edm', 'pop', 'pop dance']",1vCWHaC5f2uS3yhpwWbIA6,https://open.spotify.com/artist/1vCWHaC5f2uS3yhpwWbIA6,"['https://i.scdn.co/image/ab6761610000e5ebae07171f989fb39736674113', 'https://i.scdn.co/image/ab67616100005174ae07171f989fb39736674113', 'https://i.scdn.co/image/ab6761610000f178ae07171f989fb39736674113']","['2lVYrSeY9S8WP4t9hb4bMt', '4wlYogSNw3jxZubY8V6N2Q', '5uwywhQiRb0QFcTtaHKnAV', '2sYMu053gywW0q5vImJa2W', '6kLT6SY46fwv4rlgjpxisJ', '4x1ITfTjPRmJlEcxoxYPf1', '4Hqd4rSa11jzhIdUqed8gD', '4CmzfvgHLQhuuTvYdU73EK', '0NaXAJ2Po6SZJTEQV7yXOu', '48Sfs6TW5jyiI0fz2RdW8I', '03ZSzxHkYpB81TtolE461r']"
Rahat Fateh Ali Khan,,0,22918222,75,"['classic pakistani pop', 'filmi', 'modern bollywood', 'qawwali', 'sufi']",3OLGltG8UPIea8sA4w0yg0,https://open.spotify.com/artist/3OLGltG8UPIea8sA4w0yg0,"['https://i.scdn.co/image/ab6761610000e5ebac45eaf028dc58810df0f382', 'https://i.scdn.co/image/ab67616100005174ac45eaf028dc58810df0f382', 'https://i.scdn.co/image/ab6761610000f178ac45eaf028dc58810df0f382']",[]
Calvin Harris,,0,22869986,87,"['dance pop', 'edm', 'electro house', 'house', 'pop', 'progressive house', 'uk dance']",7CajNmpbOovFoOoasH2HaY,https://open.spotify.com/artist/7CajNmpbOovFoOoasH2HaY,"['https://i.scdn.co/image/ab6761610000e5eb014a3c1730d960c66396ed63', 'https://i.scdn.co/image/ab67616100005174014a3c1730d960c66396ed63', 'https://i.scdn.co/image/ab6761610000f178014a3c1730d960c66396ed63']",[]
Darshan Raval,,0,22605753,77,"['desi pop', 'filmi', 'gujarati pop', 'modern bollywood']",2GoeZ0qOTt6kjsWW4eA6LS,https://open.spotify.com/artist/2GoeZ0qOTt6kjsWW4eA6LS,"['https://i.scdn.co/image/ab6761610000e5ebfd5ddfdc83ae91d0515bacf6', 'https://i.scdn.co/image/ab67616100005174fd5ddfdc83ae91d0515bacf6', 'https://i.scdn.co/image/ab6761610000f178fd5ddfdc83ae91d0515bacf6']",[]
Romeo Santos,,0,22527344,84,"['bachata', 'latin hip hop', 'latin pop', 'trap latino', 'urbano latino']",5lwmRuXgjX8xIwlnauTZIP,https://open.spotify.com/artist/5lwmRuXgjX8xIwlnauTZIP,"['https://i.scdn.co/image/ab6761610000e5eb6d8b48abede0f9e433aa6e49', 'https://i.scdn.co/image/ab676161000051746d8b48abede0f9e433aa6e49', 'https://i.scdn.co/image/ab6761610000f1786d8b48abede0f9e433aa6e49']",[]
Halsey,,1,21715135,82,"['electropop', 'etherpop', 'indie poptimism', 'pop']",26VFTg2z8YR0cCuwLzESi2,https://open.spotify.com/artist/26VFTg2z8YR0cCuwLzESi2,"['https://i.scdn.co/image/ab6761610000e5ebf1ee3ff162b1370cdd11ad97', 'https://i.scdn.co/image/ab67616100005174f1ee3ff162b1370cdd11ad97', 'https://i.scdn.co/image/ab6761610000f178f1ee3ff162b1370cdd11ad97']",['6IEtkB8kg59BBbTMuqvDeQ']
Red Hot Chili Peppers,,0,21359439,84,"['alternative rock', 'funk metal', 'funk rock', 'permanent wave', 'rock']",0L8ExT028jH3ddEcZwqJJ5,https://open.spotify.com/artist/0L8ExT028jH3ddEcZwqJJ5,"['https://i.scdn.co/image/ab6761610000e5ebc33cc15260b767ddec982ce8', 'https://i.scdn.co/image/ab67616100005174c33cc15260b767ddec982ce8', 'https://i.scdn.co/image/ab6761610000f178c33cc15260b767ddec982ce8']",[]
Melanie Martinez,,15,21323882,80,"['alt z', 'electropop', 'pop']",63yrD80RY3RNEM2YDpUpO8,https://open.spotify.com/artist/63yrD80RY3RNEM2YDpUpO8,"['https://i.scdn.co/image/ab6761610000e5eb77ecd63aaebe2225b07c89f0', 'https://i.scdn.co/image/ab6761610000517477ecd63aaebe2225b07c89f0', 'https://i.scdn.co/image/ab6761610000f17877ecd63aaebe2225b07c89f0']","['0wzt0xkjXhXKI4cZoXkBeb', '0EcYW0A3FQOKqFei1V4so7', '1PWqUYqUTB0w9stEGnLy3D', '4ENf2xbgoAj3JOzzyjIlAf', '163lROBwbPbwxYiGGLIzGX', '6Sx5W4S4O0lniLOpcgsmh4', '4y6AJ56qeVBT39DgvgE1oa', '3DkGizOZyv8VQzFy2GLhk4', '0zw8dPAFkAKWrVGfvwdFT0', '7DozYnaoHxkjzK57p4c10q', '3wJMQprutuH2tsOIeox80U', '6otaSumGlqQhABHk5ZlpXN', '1iH6fFOTbY2DAWugei2S6o', '3Kq2StI4eNOZDunsN1cQka', '1zFufqDWPB2Geo6haocIin']"
Pink Floyd,,0,20891011,79,"['album rock', 'art rock', 'classic rock', 'progressive rock', 'psychedelic rock', 'rock', 'symphonic rock']",0k17h0D3J5VfsdmQ1iZtE9,https://open.spotify.com/artist/0k17h0D3J5VfsdmQ1iZtE9,"['https://i.scdn.co/image/e69f71e2be4b67b82af90fb8e9d805715e0684fa', 'https://i.scdn.co/image/d011c95081cd9a329e506abd7ded47535d524a07', 'https://i.scdn.co/image/f0a39a8a196a87a7236bdcf8a8708f6d5d3547cc', 'https://i.scdn.co/image/ec1fb7127168dbaa962404031409c5a293b95ec6']",[]
TWICE,,0,20780632,79,"['k-pop', 'k-pop girl group', 'pop']",7n2Ycct7Beij7Dj7meI4X0,https://open.spotify.com/artist/7n2Ycct7Beij7Dj7meI4X0,"['https://i.scdn.co/image/ab6761610000e5eb0c6952f39ba680489149a54c', 'https://i.scdn.co/image/ab676161000051740c6952f39ba680489149a54c', 'https://i.scdn.co/image/ab6761610000f1780c6952f39ba680489149a54c']",[]
The Chainsmokers,,0,20492995,83,['pop'],69GGBxA162lTqCwzJG5jLp,https://open.spotify.com/artist/69GGBxA162lTqCwzJG5jLp,"['https://i.scdn.co/image/ab6761610000e5eb44434ab91c37f5407f8e83b6', 'https://i.scdn.co/image/ab6761610000517444434ab91c37f5407f8e83b6', 'https://i.scdn.co/image/ab6761610000f17844434ab91c37f5407f8e83b6']",[]
Nirvana,,7,20344368,83,"['grunge', 'permanent wave', 'rock']",6olE6TJLqED3rqDCT0FyPh,https://open.spotify.com/artist/6olE6TJLqED3rqDCT0FyPh,"['https://i.scdn.co/image/84282c28d851a700132356381fcfbadc67ff498b', 'https://i.scdn.co/image/a4e10b79a642e9891383448cbf37d7266a6883d6', 'https://i.scdn.co/image/42ae0f180f16e2f21c1f2212717fc436f5b95451', 'https://i.scdn.co/image/e797ad36d56c3fc8fa06c6fe91263a15bf8391b8']","['4RIZsppUSUsLqgzIizLGgE', '5V4esCofV8SrONqA5qu1sv', '1K10qehzuDyO2pcbqNPA4C', '61TDSI0hPorekiiLCnZG1U', '73GZ3dGEI83kJ1tndIDceU', '54nhB1ZQT9nptEzdNAFnUa', '5JZFMNd9SZxuzBjFrOmZA8']"
Yo Yo Honey Singh,,0,20253602,79,"['filmi', 'hindi hip hop', 'modern bollywood']",7uIbLdzzSEqnX0Pkrb56cR,https://open.spotify.com/artist/7uIbLdzzSEqnX0Pkrb56cR,"['https://i.scdn.co/image/ab6761610000e5ebbc7e4fffd515b47ff1ebbc1f', 'https://i.scdn.co/image/ab67616100005174bc7e4fffd515b47ff1ebbc1f', 'https://i.scdn.co/image/ab6761610000f178bc7e4fffd515b47ff1ebbc1f']",[]
21 Savage,,2,20131656,89,"['atl hip hop', 'hip hop', 'rap']",1URnnhqYAYcrqrcwql10ft,https://open.spotify.com/artist/1URnnhqYAYcrqrcwql10ft,"['https://i.scdn.co/image/ab6761610000e5eb4f8f76117470957c0e81e5b2', 'https://i.scdn.co/image/ab676161000051744f8f76117470957c0e81e5b2', 'https://i.scdn.co/image/ab6761610000f1784f8f76117470957c0e81e5b2']","['10ebxQMqWoIOkywRaBvzVd', '405Y6IbDDlBYloLEQz4OjA']"
Camilo,,0,19271378,81,"['colombian pop', 'latin pop', 'latin viral pop', 'reggaeton colombiano', 'urbano latino']",28gNT5KBp7IjEOQoevXf9N,https://open.spotify.com/artist/28gNT5KBp7IjEOQoevXf9N,"['https://i.scdn.co/image/ab6761610000e5eb4d8a681290f905bc52a05c5c', 'https://i.scdn.co/image/ab676161000051744d8a681290f905bc52a05c5c', 'https://i.scdn.co/image/ab6761610000f1784d8a681290f905bc52a05c5c']",[]
Nicky Jam,,0,18989061,82,"['latin hip hop', 'reggaeton', 'trap latino', 'urbano latino']",1SupJlEpv7RS2tPNRaHViT,https://open.spotify.com/artist/1SupJlEpv7RS2tPNRaHViT,"['https://i.scdn.co/image/ab6761610000e5eb4e0f64cf0dab523714a800a7', 'https://i.scdn.co/image/ab676161000051744e0f64cf0dab523714a800a7', 'https://i.scdn.co/image/ab6761610000f1784e0f64cf0dab523714a800a7']",[]
2Pac,,9,18949758,80,"['g funk', 'gangster rap', 'hip hop', 'rap', 'west coast rap']",1ZwdS5xdxEREPySFridCfh,https://open.spotify.com/artist/1ZwdS5xdxEREPySFridCfh,"['https://i.scdn.co/image/ab6761610000e5eb7f5cc432c9c109248ebec1ac', 'https://i.scdn.co/image/ab676161000051747f5cc432c9c109248ebec1ac', 'https://i.scdn.co/image/ab6761610000f1787f5cc432c9c109248ebec1ac']","['69K2QTIdwFk96YK8t41WLS', '4LbnUggrDbGDbajUnd41NH', '02TMvq0AFTqSWcVuJeA0vT', '645y32ahpPkGlnUjP7jt1I', '78QTZWDsAXr8dghBUY403A', '6WrTMn5smtwhjKal3KJHQ3', '7fwf0PDGfyxTJAzwddDmzn', '7JI6IqJlmjFJ1Fgdcnin0F', '0TvJe9Ds9pz4m1NmqG0Rao']"
Future,,8,18714638,93,"['atl hip hop', 'hip hop', 'rap', 'southern hip hop', 'trap']",1RyvyyTE3xzB2ZywiAwp0i,https://open.spotify.com/artist/1RyvyyTE3xzB2ZywiAwp0i,"['https://i.scdn.co/image/ab6761610000e5eb7565b356bc9d9394eefa2ccb', 'https://i.scdn.co/image/ab676161000051747565b356bc9d9394eefa2ccb', 'https://i.scdn.co/image/ab6761610000f1787565b356bc9d9394eefa2ccb']","['5yN0zETzKnO4HO7lvnsXMI', '55WxeyGsP0uYQoMcGnv9FP', '1T5z6JU2h5wxFBbSIEQI9u', '7GQBSOfqGUuxwkNuhfKst3', '5Nr1c1W8pXg0T3fN4Wwgyh', '2VtFChlp7cODCDf52cctw2', '5w5B3wNNngOMgzXxwwJmC8', '0b2GzoijSSggtfhrufSMbt']"
Lil Baby,,27,18607610,87,"['atl hip hop', 'atl trap', 'rap', 'trap']",5f7VJjfbwm532GiveGC0ZK,https://open.spotify.com/artist/5f7VJjfbwm532GiveGC0ZK,"['https://i.scdn.co/image/ab6761610000e5eb6cad3eff5adc29e20f189a6c', 'https://i.scdn.co/image/ab676161000051746cad3eff5adc29e20f189a6c', 'https://i.scdn.co/image/ab6761610000f1786cad3eff5adc29e20f189a6c']","['0GUQXSj8VaF0hs7kTNS0BH', '0BByv3SSONybQBFQrAvZMz', '41XdgDMLzT70yV4gNn8t7X', '42t90SBpONcOUdcfIpNtOm', '43QXsvGl5enrMaJLJAtZef', '4gY4Edhv9LhBJr8aFZ2EWA', '2uK0clVm9j7GOYVmkMcVNE', '1Tuneytb6Gdh58PjiekbdA', '2IZyhGk9wkpfwngeB9MCrO', '3UVeQGKdwpQMCw44pGNaXX', '59kakJciFLpztH2PQmtAtx', '64Sa1u3b2mvSsKympDvxbq', '7k85bY6k6qdhSaW7ZtDnF5', '4DJ1NbjbINfR1K5VtYE1ei', '1IGxFJedf1c4BxBd7S3FDp', '6FORvUDUTJm06NQ4r4aGm0', '3ZYe7Axie2hVRThx18RtVR', '5szHktQvEwWpMuDfK4LfVq', '36uRGunpU2gawoSxnvdd1d', '2ueEwhdzfImNTMFWXT3kYt', '0JCJqwKs8FLzP1pRkUIPE1', '3irePSFyBX1yAx8VVsJTLI', '1TnmnUe84l4zblmSlUsQ1C', '4u5UlP6N4tRzd4F2jTB6Fk', '37i9dQZF1E4yPL8iIWhfB7', '3F2wIcV9MfiNPfhegg5RNa', '0h2vZbEJBYG3QJWYgPcvgV']"
James Arthur,,0,18551925,81,"['pop', 'talent show', 'uk pop']",4IWBUUAFIplrNtaOHcJPRM,https://open.spotify.com/artist/4IWBUUAFIplrNtaOHcJPRM,"['https://i.scdn.co/image/ab6761610000e5eb2a0c6d0343c82be9dd6fce0b', 'https://i.scdn.co/image/ab676161000051742a0c6d0343c82be9dd6fce0b', 'https://i.scdn.co/image/ab6761610000f1782a0c6d0343c82be9dd6fce0b']",[]
j-hope,,0,18010317,73,"['k-pop', 'k-rap']",0b1sIQumIAsNbqAoIClSpy,https://open.spotify.com/artist/0b1sIQumIAsNbqAoIClSpy,"['https://i.scdn.co/image/ab6761610000e5ebeb746063d1aafa2817ea11b5', 'https://i.scdn.co/image/ab67616100005174eb746063d1aafa2817ea11b5', 'https://i.scdn.co/image/ab6761610000f178eb746063d1aafa2817ea11b5']",[]
The Neighbourhood,,1,17993805,86,"['modern alternative rock', 'modern rock', 'pop']",77SW9BnxLY8rJ0RciFqkHh,https://open.spotify.com/artist/77SW9BnxLY8rJ0RciFqkHh,"['https://i.scdn.co/image/ab6761610000e5ebdf0b5ac84376a0a4b2166816', 'https://i.scdn.co/image/ab67616100005174df0b5ac84376a0a4b2166816', 'https://i.scdn.co/image/ab6761610000f178df0b5ac84376a0a4b2166816']",['3GgoquQYfJipKz64mAGvAT']
Lil Uzi Vert,,30,17738882,85,"['hip hop', 'melodic rap', 'philly rap', 'rage rap', 'rap', 'trap']",4O15NlyKLIASxsJ0PrXPfz,https://open.spotify.com/artist/4O15NlyKLIASxsJ0PrXPfz,"['https://i.scdn.co/image/ab6761610000e5eb1234d2f516796badbdf16a89', 'https://i.scdn.co/image/ab676161000051741234d2f516796badbdf16a89', 'https://i.scdn.co/image/ab6761610000f1781234d2f516796badbdf16a89']","['6QNA9d84OCqxvEsdwMdmBH', '2AS0IF4v20I03MWt39qzoL', '6GtgtW2jI1gX2OEW78zalQ', '7GpfMChKbT7tpeKRCWitl8', '6jSDwZ4vrkd8alJkIQamTe', '3cuTOwDZDKlyb6ZSyvRUSZ', '1VZhbWTFxhyPAI4xgjIxtY', '7riHLZKTrSILhMNPm7zMVu', '7hlaVVBGGy7vsNxh7h1zn0', '6HiNNy0kk95ZN1l5Rfa3Qi', '6ckgWXeN2auc6Hn0cJKvoj', '1cgxFiRrJY0TQyb5tPNrKu', '6zZW5eNjoFeJhQjHLxyJhD', '5lh6ih0cBD3IDD7cTkPtvL', '6XC2o0XY4UY3E6hwFzxsA4', '6xSfPTOmb1Vw4exUiidbLJ', '5KnJJRmvrWCi8sg4qpzTzy', '714z554RvaVYMni1DPIj7V', '6n6ys03M0f7BG4ulYFZL9h', '4uvOTDPIxXbE4jfFjakY4h', '7plhGSAwpXoCmwxDh4UCHi', '0PsIWHjTRqtLubReCUWfFK', '6WmMeIGYlwRcIwbNd3lTOJ', '39DxKbbHGKvvwI4e9Qs6n6', '5gOKmw5w7frVP1sWuxY4YO', '5EqOJrc5Gh7W2b39belsV0', '1JuBivcynRKYzIFXjRGXqz', '3Hg6LQjVl1zzj7Sbr2sTo7', '2G9WPRcqCBEI4TQzyJSrPO', '7oN5yqiqdfSYIxo9iqu7rt']"
OneRepublic,,0,17480909,85,"['piano rock', 'pop']",5Pwc4xIPtQLFEnJriah9YJ,https://open.spotify.com/artist/5Pwc4xIPtQLFEnJriah9YJ,"['https://i.scdn.co/image/ab6761610000e5eb57138b98e7ddd5a86ee97a9b', 'https://i.scdn.co/image/ab6761610000517457138b98e7ddd5a86ee97a9b', 'https://i.scdn.co/image/ab6761610000f17857138b98e7ddd5a86ee97a9b']",[]
P!nk,,0,17139287,82,"['dance pop', 'pop']",1KCSPY1glIKqW2TotWuXOR,https://open.spotify.com/artist/1KCSPY1glIKqW2TotWuXOR,"['https://i.scdn.co/image/ab6761610000e5eb7bbad89a61061304ec842588', 'https://i.scdn.co/image/ab676161000051747bbad89a61061304ec842588', 'https://i.scdn.co/image/ab6761610000f1787bbad89a61061304ec842588']",[]
Cartel De Santa,,0,17123578,78,"['latin hip hop', 'mexican hip hop']",07PdYoE4jVRF6Ut40GgVSP,https://open.spotify.com/artist/07PdYoE4jVRF6Ut40GgVSP,"['https://i.scdn.co/image/ab6761610000e5eb72d02b5f21c6364c3d1928d7', 'https://i.scdn.co/image/ab6761610000517472d02b5f21c6364c3d1928d7', 'https://i.scdn.co/image/ab6761610000f17872d02b5f21c6364c3d1928d7']",[]
RM,,0,17089233,79,['k-rap'],2auC28zjQyVTsiZKNgPRGs,https://open.spotify.com/artist/2auC28zjQyVTsiZKNgPRGs,"['https://i.scdn.co/image/ab6761610000e5eb847fe9bbfef3acf7981acd2a', 'https://i.scdn.co/image/ab67616100005174847fe9bbfef3acf7981acd2a', 'https://i.scdn.co/image/ab6761610000f178847fe9bbfef3acf7981acd2a']",[]
Stray Kids,,5,16920335,85,"['k-pop', 'k-pop boy group', 'pop']",2dIgFjalVxs4ThymZ67YCE,https://open.spotify.com/artist/2dIgFjalVxs4ThymZ67YCE,"['https://i.scdn.co/image/ab6761610000e5eb75237a1ba0379041476012b3', 'https://i.scdn.co/image/ab6761610000517475237a1ba0379041476012b3', 'https://i.scdn.co/image/ab6761610000f17875237a1ba0379041476012b3']","['3UquGKvI983K775A4VQgcj', '634SV7OuTEeGT8eVrtBuKU', '1EfaodjhZRS9a2sYs2A0Pz', '0WzyUtuP0ZF0yXgW2DoQiY', '572BJCF48TyvDLWSnHUYsC']"
Luis Miguel,,0,16864512,84,"['bolero', 'latin pop']",2nszmSgqreHSdJA3zWPyrW,https://open.spotify.com/artist/2nszmSgqreHSdJA3zWPyrW,"['https://i.scdn.co/image/ab6761610000e5eb6481401e529e475116702a29', 'https://i.scdn.co/image/ab676161000051746481401e529e475116702a29', 'https://i.scdn.co/image/ab6761610000f1786481401e529e475116702a29']",[]
Bizarrap,,0,16594584,82,"['argentine hip hop', 'pop venezolano', 'trap argentino', 'trap latino', 'urbano latino']",716NhGYqD1jl2wI1Qkgq36,https://open.spotify.com/artist/716NhGYqD1jl2wI1Qkgq36,"['https://i.scdn.co/image/ab6761610000e5eb14add0d3419426b84158b913', 'https://i.scdn.co/image/ab6761610000517414add0d3419426b84158b913', 'https://i.scdn.co/image/ab6761610000f17814add0d3419426b84158b913']",[]
"Tyler, The Creator",,6,16367810,86,"['hip hop', 'rap']",4V8LLVI7PbaPR0K2TGSxFF,https://open.spotify.com/artist/4V8LLVI7PbaPR0K2TGSxFF,"['https://i.scdn.co/image/ab6761610000e5eb8278b782cbb5a3963db88ada', 'https://i.scdn.co/image/ab676161000051748278b782cbb5a3963db88ada', 'https://i.scdn.co/image/ab6761610000f1788278b782cbb5a3963db88ada']","['2KTp22MZBLMo3d9PyAgTzx', '0l4WZ6oacqAOy60aMWvSZ2', '1AG6RoNVLWug2KYwGo6YXN', '0bK08vtJ2CTM1s8F08UCt8', '42Ft4FO5zgGBj6XQbegmWv', '7aWCQ2fTL4VW40b1TKPrPI']"
Khalid,,1,16347601,85,"['pop', 'pop r&b']",6LuN9FCkKOj5PcnpouEgny,https://open.spotify.com/artist/6LuN9FCkKOj5PcnpouEgny,"['https://i.scdn.co/image/ab6761610000e5eb24ff450c42d4e36fb34a7631', 'https://i.scdn.co/image/ab6761610000517424ff450c42d4e36fb34a7631', 'https://i.scdn.co/image/ab6761610000f17824ff450c42d4e36fb34a7631']",['7yoSRZdCd5YjsokJ7BvGrp']
Tulus,,0,16258945,76,"['indonesian jazz', 'indonesian pop', 'indonesian singer-songwriter']",2iDVt6mFbtbDEZG5ax0dTi,https://open.spotify.com/artist/2iDVt6mFbtbDEZG5ax0dTi,"['https://i.scdn.co/image/ab6761610000e5eb53462891ab7799f2934b568e', 'https://i.scdn.co/image/ab6761610000517453462891ab7799f2934b568e', 'https://i.scdn.co/image/ab6761610000f17853462891ab7799f2934b568e']",[]
Fifth Harmony,,2,16202349,69,"['girl group', 'pop', 'talent show']",1l8Fu6IkuTP0U5QetQJ5Xt,https://open.spotify.com/artist/1l8Fu6IkuTP0U5QetQJ5Xt,"['https://i.scdn.co/image/ab6761610000e5eb5acb3cb0a8b87d3952738b97', 'https://i.scdn.co/image/ab676161000051745acb3cb0a8b87d3952738b97', 'https://i.scdn.co/image/ab6761610000f1785acb3cb0a8b87d3952738b97']","['4THXPx9zuz2tVCaBCUFLaR', '2T4Rgssn1qXPj1CKlPvc4k']"
Jung Kook,,0,16048191,87,['k-pop'],6HaGTQPmzraVmaVxvz6EUc,https://open.spotify.com/artist/6HaGTQPmzraVmaVxvz6EUc,"['https://i.scdn.co/image/ab6761610000e5eb40a7268dd742e5f63759b960', 'https://i.scdn.co/image/ab6761610000517440a7268dd742e5f63759b960', 'https://i.scdn.co/image/ab6761610000f17840a7268dd742e5f63759b960']",[]
Udit Narayan,,0,16009887,80,"['chutney', 'filmi', 'odia pop']",70B80Lwx2sxti0M1Ng9e8K,https://open.spotify.com/artist/70B80Lwx2sxti0M1Ng9e8K,"['https://i.scdn.co/image/ab6761610000e5eb8de0e6e7e55d7773931ab7f4', 'https://i.scdn.co/image/ab676161000051748de0e6e7e55d7773931ab7f4', 'https://i.scdn.co/image/ab6761610000f1788de0e6e7e55d7773931ab7f4']",[]
Frank Ocean,,24,15559121,88,"['lgbtq+ hip hop', 'neo soul']",2h93pZq0e7k5yf4dywlkpM,https://open.spotify.com/artist/2h93pZq0e7k5yf4dywlkpM,"['https://i.scdn.co/image/ab6761610000e5ebee3123e593174208f9754fab', 'https://i.scdn.co/image/ab67616100005174ee3123e593174208f9754fab', 'https://i.scdn.co/image/ab6761610000f178ee3123e593174208f9754fab']","['2Cj6xoFo8qn67ToWmePSAB', '2H0j207uuFDGzYy9gStkUJ', '2LRxnvkvJWZxiDPMtMwIOn', '3gXllLyvNmXwJJlV0S94ZP', '0tnOj6NkZqnOdSVIEftm8O', '5lJuEsKSfCU2ACQ2D23IC7', '5gAtIaBHMMqMrrpqhFJ9ww', '29itUSaagle2BfoL8CzjkS', '4M6qk2atFPuqQtyMKNZAtd', '6UfCAHTxbwRdPuhySfu2gu', '1OjzmCnMjRlL74zbQtuOK9', '5jUWLDxPLoPdBwZsFH2mjV', '7FvI9hmpclLCNatzrcYfSp', '1H0TzX8sZBQR4FPokZ2Eq1', '4dGbg5bJwqo2BfjdiF1enV', '6Brhev7PQ59DAD7fk4PxVn', '6eZyGhF6QJgELYmfyAEgHl', '15nAbxJ92nRW5p7gaS3gQZ', '0Jxi0E8Dlz8Jrm60EbYCP3', '7kFfj2PHVScNuzu0mJfQSb', '1LTd0NIXUdPeHjrP7MscjY', '0GS788mPhKSxgwNrSicq4W', '2xDgnPpxNCd7riGMQrVjxS', '6aE1ZEOJ2d12AiBCr39ngT']"
50 Cent,,2,15517855,84,"['east coast hip hop', 'gangster rap', 'hip hop', 'pop rap', 'queens hip hop', 'rap']",3q7HBObVc0L8jNeTe5Gofh,https://open.spotify.com/artist/3q7HBObVc0L8jNeTe5Gofh,"['https://i.scdn.co/image/dd031b9c5d1b6eba4a691cd89c954255aae787f2', 'https://i.scdn.co/image/6f0da41419b31d9d2ba55d2df212f59ad0668118', 'https://i.scdn.co/image/df73c0cebe56cafe705ffdba5085ccbd5680bd16', 'https://i.scdn.co/image/1a44043542c997ef835c89e185f0cf79d7402153']","['4JTJwL1dX9cLBl6aQnGPOm', '0uxH6lGEec3Mf7aHiz6jsW']"
Green Day,,1,15474897,83,"['modern rock', 'permanent wave', 'punk', 'rock']",7oPftvlwr6VrsViSDV7fJY,https://open.spotify.com/artist/7oPftvlwr6VrsViSDV7fJY,"['https://i.scdn.co/image/ab6761610000e5eb6ff0cd5ef2ecf733804984bb', 'https://i.scdn.co/image/ab676161000051746ff0cd5ef2ecf733804984bb', 'https://i.scdn.co/image/ab6761610000f1786ff0cd5ef2ecf733804984bb']",['4gyS2dRLCuAfkv8ajJXEGj']
Meghan Trainor,,0,15367245,79,"['hip pop', 'pop']",6JL8zeS1NmiOftqZTRgdTz,https://open.spotify.com/artist/6JL8zeS1NmiOftqZTRgdTz,"['https://i.scdn.co/image/ab6761610000e5eb365984489dac7a79eac204e3', 'https://i.scdn.co/image/ab67616100005174365984489dac7a79eac204e3', 'https://i.scdn.co/image/ab6761610000f178365984489dac7a79eac204e3']",[]
Arc√°ngel,Arcangel,0,15320231,84,"['latin hip hop', 'reggaeton', 'trap latino', 'urbano latino']",4SsVbpTthjScTS7U2hmr1X,https://open.spotify.com/artist/4SsVbpTthjScTS7U2hmr1X,"['https://i.scdn.co/image/ab6761610000e5ebafdf17286a0d7a23ad388587', 'https://i.scdn.co/image/ab67616100005174afdf17286a0d7a23ad388587', 'https://i.scdn.co/image/ab6761610000f178afdf17286a0d7a23ad388587']",[]
Lil Wayne,,1,15282961,86,"['hip hop', 'new orleans rap', 'pop rap', 'rap', 'trap']",55Aa2cqylxrFIXC767Z865,https://open.spotify.com/artist/55Aa2cqylxrFIXC767Z865,"['https://i.scdn.co/image/ab6761610000e5ebc1c08e541eae3cc82c6988c4', 'https://i.scdn.co/image/ab67616100005174c1c08e541eae3cc82c6988c4', 'https://i.scdn.co/image/ab6761610000f178c1c08e541eae3cc82c6988c4']",['3xPpzXCHmTbBsH2XyuiK8X']
Britney Spears,,7,15262955,82,"['dance pop', 'pop']",26dSoYclwsYLMAKD3tpOr4,https://open.spotify.com/artist/26dSoYclwsYLMAKD3tpOr4,"['https://i.scdn.co/image/ab6761610000e5eb3a49b0a3954e460a8a76ed90', 'https://i.scdn.co/image/ab676161000051743a49b0a3954e460a8a76ed90', 'https://i.scdn.co/image/ab6761610000f1783a49b0a3954e460a8a76ed90']","['65lfWYVXYlCXbL6NxCI5hr', '7A7uBoI9z5vwRHMVaiQTjx', '5RrEqG8KEARdD6nySZQjX4', '5EiHNNRCSLSotLygKMNapp', '57HRGpTbNrhcJHVqm66OgE', '7a3Dw3jzK2nvevHrI5d4Ys', '4MBcHyjCL7OxveYXFgDV2D']"
Martin Garrix,,0,15069070,76,"['dutch edm', 'edm', 'pop', 'pop dance', 'progressive house']",60d24wfXkVzDSfLS6hyCjZ,https://open.spotify.com/artist/60d24wfXkVzDSfLS6hyCjZ,"['https://i.scdn.co/image/ab6761610000e5eb45c3688488f871aace7a4a57', 'https://i.scdn.co/image/ab6761610000517445c3688488f871aace7a4a57', 'https://i.scdn.co/image/ab6761610000f17845c3688488f871aace7a4a57']",[]
Becky G,,0,15060237,79,"['latin pop', 'latin viral pop', 'rap latina', 'reggaeton', 'trap latino', 'urbano latino']",4obzFoKoKRHIphyHzJ35G3,https://open.spotify.com/artist/4obzFoKoKRHIphyHzJ35G3,"['https://i.scdn.co/image/ab6761610000e5eb57128944f37cf41e47bebda2', 'https://i.scdn.co/image/ab6761610000517457128944f37cf41e47bebda2', 'https://i.scdn.co/image/ab6761610000f17857128944f37cf41e47bebda2']",[]
A$AP Rocky,,4,14990289,86,"['east coast hip hop', 'hip hop', 'rap']",13ubrt8QOOCPljQ2FL1Kca,https://open.spotify.com/artist/13ubrt8QOOCPljQ2FL1Kca,"['https://i.scdn.co/image/ab6761610000e5eb5c58c41a506a0d6b32cc6cad', 'https://i.scdn.co/image/ab676161000051745c58c41a506a0d6b32cc6cad', 'https://i.scdn.co/image/ab6761610000f1785c58c41a506a0d6b32cc6cad']","['1qzPTv03qW64HzXKeatXb1', '0XQzJZToW8OvNrY8TrM0hH', '3sBEyO44Q3QSSEBpt4a8Jb', '4KuGezhxvTGas0nxsPawoA']"
Agust D,,0,14855490,78,['k-rap'],5RmQ8k4l3HZ8JoPb4mNsML,https://open.spotify.com/artist/5RmQ8k4l3HZ8JoPb4mNsML,"['https://i.scdn.co/image/ab6761610000e5eb191d43dca6f2f5a126e43e4b', 'https://i.scdn.co/image/ab67616100005174191d43dca6f2f5a126e43e4b', 'https://i.scdn.co/image/ab6761610000f178191d43dca6f2f5a126e43e4b']",[]
Led Zeppelin,,0,14671837,77,"['album rock', 'classic rock', 'hard rock', 'rock']",36QJpDe2go2KgaRleHCDTp,https://open.spotify.com/artist/36QJpDe2go2KgaRleHCDTp,"['https://i.scdn.co/image/207803ce008388d3427a685254f9de6a8f61dc2e', 'https://i.scdn.co/image/b0248a44865493e6a03832aa89854ada16ff07a8', 'https://i.scdn.co/image/16eb3cdae0d824b520ac17710e943a99d3ef6602']",[]
Aerosmith,,0,14620263,76,"['album rock', 'classic rock', 'hard rock', 'rock']",7Ey4PD4MYsKc5I2dolUwbH,https://open.spotify.com/artist/7Ey4PD4MYsKc5I2dolUwbH,"['https://i.scdn.co/image/ab6761610000e5ebc5733401b4689b2064458e7d', 'https://i.scdn.co/image/ab67616100005174c5733401b4689b2064458e7d', 'https://i.scdn.co/image/ab6761610000f178c5733401b4689b2064458e7d']",[]
Pop Smoke,,7,14556568,80,"['brooklyn drill', 'hip hop', 'rap']",0eDvMgVFoNV3TpwtrVCoTj,https://open.spotify.com/artist/0eDvMgVFoNV3TpwtrVCoTj,"['https://i.scdn.co/image/ab6761610000e5eb597f9edd2cd1a892d4412b09', 'https://i.scdn.co/image/ab67616100005174597f9edd2cd1a892d4412b09', 'https://i.scdn.co/image/ab6761610000f178597f9edd2cd1a892d4412b09']","['229auh5h7uH2CeCRqZf77f', '3dMx6aRgG8xKjB4ndV0AQJ', '6bYFeRf9d24UqAkqVuOZKH', '7CnEbpvTFNVGAgXXRWm7PN', '1ykuPIngMiynjU7KrZbO8T', '4JTJwL1dX9cLBl6aQnGPOm', '1JQZw5pSfVIqg4x5OJFq1J']"
Justin Timberlake,,0,14540565,82,"['dance pop', 'pop']",31TPClRtHm23RisEBtV3X7,https://open.spotify.com/artist/31TPClRtHm23RisEBtV3X7,"['https://i.scdn.co/image/ab6761610000e5eb7a5cfe2597665a3d160e805e', 'https://i.scdn.co/image/ab676161000051747a5cfe2597665a3d160e805e', 'https://i.scdn.co/image/ab6761610000f1787a5cfe2597665a3d160e805e']",[]
The Rolling Stones,,0,14463458,80,"['album rock', 'british invasion', 'classic rock', 'rock']",22bE4uQ6baNwSHPVcDxLCe,https://open.spotify.com/artist/22bE4uQ6baNwSHPVcDxLCe,"['https://i.scdn.co/image/ab6761610000e5ebe4cea917b68726aadb4854b8', 'https://i.scdn.co/image/ab67616100005174e4cea917b68726aadb4854b8', 'https://i.scdn.co/image/ab6761610000f178e4cea917b68726aadb4854b8']",[]
Migos,,1,14014968,77,"['atl hip hop', 'hip hop', 'pop rap', 'rap', 'southern hip hop', 'trap']",6oMuImdp5ZcFhWP0ESe6mG,https://open.spotify.com/artist/6oMuImdp5ZcFhWP0ESe6mG,"['https://i.scdn.co/image/ab6761610000e5ebf4593f7b778219838d858c34', 'https://i.scdn.co/image/ab67616100005174f4593f7b778219838d858c34', 'https://i.scdn.co/image/ab6761610000f178f4593f7b778219838d858c34']",['3C93VL9iLA0lqlgXTVwmo1']
Manuel Turizo,,0,13999258,84,"['colombian pop', 'latin pop', 'reggaeton', 'reggaeton colombiano', 'trap latino', 'urbano latino']",0tmwSHipWxN12fsoLcFU3B,https://open.spotify.com/artist/0tmwSHipWxN12fsoLcFU3B,"['https://i.scdn.co/image/ab6761610000e5ebef3d15322d9fbdcadefaf326', 'https://i.scdn.co/image/ab67616100005174ef3d15322d9fbdcadefaf326', 'https://i.scdn.co/image/ab6761610000f178ef3d15322d9fbdcadefaf326']",[]
Feid,,0,13962804,92,"['colombian pop', 'pop reggaeton', 'reggaeton', 'reggaeton colombiano', 'trap latino', 'urbano latino']",2LRoIwlKmHjgvigdNGBHNo,https://open.spotify.com/artist/2LRoIwlKmHjgvigdNGBHNo,"['https://i.scdn.co/image/ab6761610000e5ebe82c62cc8cf019aecfd71ee8', 'https://i.scdn.co/image/ab67616100005174e82c62cc8cf019aecfd71ee8', 'https://i.scdn.co/image/ab6761610000f178e82c62cc8cf019aecfd71ee8']",[]
Bon Jovi,,0,13895486,80,"['glam metal', 'rock']",58lV9VcRSjABbAbfWS6skp,https://open.spotify.com/artist/58lV9VcRSjABbAbfWS6skp,"['https://i.scdn.co/image/ab6761610000e5eb52aade0d2ea19706074da4b9', 'https://i.scdn.co/image/ab6761610000517452aade0d2ea19706074da4b9', 'https://i.scdn.co/image/ab6761610000f17852aade0d2ea19706074da4b9']",[]
Mahalini,,0,13834568,77,['indonesian pop'],3wOsYKZM0zcKNasi3I7fP4,https://open.spotify.com/artist/3wOsYKZM0zcKNasi3I7fP4,"['https://i.scdn.co/image/ab6761610000e5eb1264a169b9cdf4acaeab5e8f', 'https://i.scdn.co/image/ab676161000051741264a169b9cdf4acaeab5e8f', 'https://i.scdn.co/image/ab6761610000f1781264a169b9cdf4acaeab5e8f']",[]
Elton John,,0,13818833,84,"['glam rock', 'mellow gold', 'piano rock', 'rock']",3PhoLpVuITZKcymswpck5b,https://open.spotify.com/artist/3PhoLpVuITZKcymswpck5b,"['https://i.scdn.co/image/ab6761610000e5eb0a7388b95df960b5c0da8970', 'https://i.scdn.co/image/ab676161000051740a7388b95df960b5c0da8970', 'https://i.scdn.co/image/ab6761610000f1780a7388b95df960b5c0da8970']",[]
Maiara & Maraisa,,0,13712458,76,"['sertanejo', 'sertanejo pop', 'sertanejo universitario']",59jlthNnbmim5l9tmNA7se,https://open.spotify.com/artist/59jlthNnbmim5l9tmNA7se,"['https://i.scdn.co/image/ab6761610000e5ebf7aeaef14a1847ecf1e69449', 'https://i.scdn.co/image/ab67616100005174f7aeaef14a1847ecf1e69449', 'https://i.scdn.co/image/ab6761610000f178f7aeaef14a1847ecf1e69449']",[]
Childish Gambino,,0,13345679,82,"['atl hip hop', 'hip hop', 'rap']",73sIBHcqh3Z3NyqHKZ7FOL,https://open.spotify.com/artist/73sIBHcqh3Z3NyqHKZ7FOL,"['https://i.scdn.co/image/ab6761610000e5ebc3dc5429b676b16d451e5f77', 'https://i.scdn.co/image/ab67616100005174c3dc5429b676b16d451e5f77', 'https://i.scdn.co/image/ab6761610000f178c3dc5429b676b16d451e5f77']",[]
Jennifer Lopez,,0,13258350,77,"['dance pop', 'pop', 'urban contemporary']",2DlGxzQSjYe5N6G9nkYghR,https://open.spotify.com/artist/2DlGxzQSjYe5N6G9nkYghR,"['https://i.scdn.co/image/ab6761610000e5ebdc125248f01efbffd4efaaf4', 'https://i.scdn.co/image/ab67616100005174dc125248f01efbffd4efaaf4', 'https://i.scdn.co/image/ab6761610000f178dc125248f01efbffd4efaaf4']",[]
YoungBoy Never Broke Again,,5,13155539,82,"['baton rouge rap', 'rap']",7wlFDEWiM5OoIAt8RSli8b,https://open.spotify.com/artist/7wlFDEWiM5OoIAt8RSli8b,"['https://i.scdn.co/image/ab6761610000e5ebb1d6eaf7ad3417765577cac4', 'https://i.scdn.co/image/ab67616100005174b1d6eaf7ad3417765577cac4', 'https://i.scdn.co/image/ab6761610000f178b1d6eaf7ad3417765577cac4']","['5Uae7gdNto1b60K0QlNqEG', '6hkTm34tQy8SADChvEMmXO', '6yeWLEy6VhcSQLaH2FtLhw', '4aW4INYQQvk07ZvVIUTfhu', '07zaTMYki69CcB6EaZbRYJ']"
Ricardo Arjona,,0,13133385,76,"['cantautor', 'latin arena pop', 'latin pop']",0h1zs4CTlU9D2QtgPxptUD,https://open.spotify.com/artist/0h1zs4CTlU9D2QtgPxptUD,"['https://i.scdn.co/image/ab6761610000e5eb1768a5dc453b0aa11a49ffd2', 'https://i.scdn.co/image/ab676161000051741768a5dc453b0aa11a49ffd2', 'https://i.scdn.co/image/ab6761610000f1781768a5dc453b0aa11a49ffd2']",[]
Lil Peep,,50,13005190,85,"['cloud rap', 'emo rap', 'lgbtq+ hip hop']",2kCcBybjl3SAtIcwdWpUe3,https://open.spotify.com/artist/2kCcBybjl3SAtIcwdWpUe3,"['https://i.scdn.co/image/ab6761610000e5eb3d9d59e200e82fa53d8781a1', 'https://i.scdn.co/image/ab676161000051743d9d59e200e82fa53d8781a1', 'https://i.scdn.co/image/ab6761610000f1783d9d59e200e82fa53d8781a1']","['7FZhpzCigpm0bcf9iRiWuX', '1rLknvh8lEaDrqxZGb0X4L', '6i28xvey73gjgylMtEn5bE', '3dJNUtJYl2BZGBuUdpCBwB', '3BT0EPg00r04ug7ZntmZzb', '5PrwfVE5fBMtYOqbldJqJA', '3BiMY7ZFIHk9gRdxKkxxDg', '07jHGqKNNAIOnXaBRzmPKC', '6iYL5tvnY8xRcLaZqZXbwd', '3gbJfxkUAyJeiSDCj4mjhZ', '5n9dTSgCWrPkz1XuMraFeD', '5PeWPaJVgwoeoXaztCJnNX', '5qVw0ch7xDGqHF5aTzZcwH', '2hJC2aDpdTdjTFHy5Gviyy', '6FaCBEpChFSyvVUdY1xGLm', '0wGGTdDEAzqZV9LyZQgnEI', '1KAlD383AbfUXsh2h64oXG', '5GO368TKhm8hnu5A8GDiPm', '1nALzA5OQAZSmzMCw2F6rf', '0Lc5UfftOzi3I7N5905Ok3', '7GtV4DKwu0zcDXQWr0LMVN', '2IUHQLBvq1JWEYLMA4v8N6', '1rrToqKZfnbIt8A3yRn97R', '57zGUIMQBznhnxqForviKu', '3iUJ8bqwbW2Sfq5Vji8BuY', '11Xo8RFuf3TuQSKnG34YeJ', '6NuYhzKtjZCnlREd58KIMa', '5yIQbIx3WbPBZXUWYj1yyZ', '5OyPDa1GcBvjRDqlhAirJQ', '20rq7gjJhr4boMutFdXbTK', '5Xu6stkuDaGL0tWu1jvd3X', '7acAQc7VG3GCPy7UjMBA8R', '5n2cHoTYZdggNUperkGpfp', '4s9VSAsTB1CkGy4C09ILAJ', '46CynynU6pbjU7gOLFutoR', '4RsJnqXM5dm2RGTXDJALIF', '5ST1W4jJ7ZQIsMSFZo7bTC', '43lTlT9RHb16CBDB3rFsyw', '7sBt9zXyzAzCeo8M4OEsg3', '1WOFrMsXcwa7BvKWoqBgmr', '4tESEPgeq98Qik3eeVvGfI', '6MaegHOQo8mTr6yIU46jpF', '0QWj7jHHbEHdmO4w83ZHox', '20RfEBryFS47VQcy2swfyf', '2MVZGsCUX65OFQ980MUPsr', '1Mx0thI9mQGDAXl8NtVYnb', '6Cr6Arn8Cu95VNiKFBoSHU', '4kzMYeBmwrJFavgv0XA6zp', '7aUee3u6BHxbggxwE2zhOq', '1nBpZx33SfRDCNmgTLtEU0']"
Sabrina Carpenter,,9,13000878,95,['pop'],74KM79TiuVKeVCqs8QtB0B,https://open.spotify.com/artist/74KM79TiuVKeVCqs8QtB0B,"['https://i.scdn.co/image/ab6761610000e5ebe053b8338322b9c8609ee7ae', 'https://i.scdn.co/image/ab67616100005174e053b8338322b9c8609ee7ae', 'https://i.scdn.co/image/ab6761610000f178e053b8338322b9c8609ee7ae']","['77KIMFhRP6dEvf8HplF0rL', '6p8hGov4xh1Kh3znWAlqqT', '7pKiycOVoTEo3Llinq8aOI', '34HB5koVvWKvXsLQhxCz2k', '0UktFZtL7JW87uKrFQRnNo', '4UTrCq6Dc25CZMNwbUujBP', '6uqF4j866dqflgzwFY4Kl3', '5iC9Jv1qhN8ewn1UOWamC7', '7yBgDDjhsJ9I8K2ckVRVpl']"
